filename,year,religion
Judaism_1939_C0.txt,1939,Judaism
Judaism_1939_C1.txt,1939,Judaism
Judaism_1939_C2.txt,1939,Judaism
Judaism_1939_C3.txt,1939,Judaism
Judaism_1939_C4.txt,1939,Judaism
Judaism_1939_C5.txt,1939,Judaism
Judaism_1939_C6.txt,1939,Judaism
Judaism_1939_C7.txt,1939,Judaism
Judaism_1939_C8.txt,1939,Judaism
Judaism_1939_C9.txt,1939,Judaism
Judaism_1939_C10.txt,1939,Judaism
Judaism_1939_C11.txt,1939,Judaism
Judaism_1939_C12.txt,1939,Judaism
Judaism_1939_C13.txt,1939,Judaism
Judaism_1939_C14.txt,1939,Judaism
Judaism_1939_C15.txt,1939,Judaism
Judaism_1939_C16.txt,1939,Judaism
Judaism_1939_C17.txt,1939,Judaism
Judaism_1939_C18.txt,1939,Judaism
Judaism_1939_C19.txt,1939,Judaism
Judaism_1939_C20.txt,1939,Judaism
Judaism_1939_C21.txt,1939,Judaism
Judaism_1939_C22.txt,1939,Judaism
Judaism_1939_C23.txt,1939,Judaism
Judaism_1939_C24.txt,1939,Judaism
Judaism_1939_C25.txt,1939,Judaism
Judaism_1939_C26.txt,1939,Judaism
Judaism_1939_C27.txt,1939,Judaism
Judaism_1939_C28.txt,1939,Judaism
Judaism_1939_C29.txt,1939,Judaism
Judaism_1939_C30.txt,1939,Judaism
Judaism_1939_C31.txt,1939,Judaism
Judaism_1939_C32.txt,1939,Judaism
Judaism_1939_C33.txt,1939,Judaism
Judaism_1939_C34.txt,1939,Judaism
Judaism_1939_C35.txt,1939,Judaism
Hinduism_1939_C0.txt,1939,Hinduism
Hinduism_1939_C1.txt,1939,Hinduism
Islam_1939_C0.txt,1939,Islam
Islam_1939_C1.txt,1939,Islam
Catholicism_1939_C0.txt,1939,Catholicism
Catholicism_1939_C1.txt,1939,Catholicism
Catholicism_1939_C2.txt,1939,Catholicism
Catholicism_1939_C3.txt,1939,Catholicism
Taoism_1939_C0.txt,1939,Taoism
Buddhism_1939_C0.txt,1939,Buddhism
Buddhism_1939_C1.txt,1939,Buddhism
Shinto_1939_C0.txt,1939,Shinto
Catholicism_1917_C0.txt,1917,Catholicism
Catholicism_1917_C1.txt,1917,Catholicism
Catholicism_1917_C2.txt,1917,Catholicism
Catholicism_1917_C3.txt,1917,Catholicism
Catholicism_1917_C4.txt,1917,Catholicism
Buddhism_1917_C0.txt,1917,Buddhism
Judaism_1955_C0.txt,1955,Judaism
Judaism_1955_C1.txt,1955,Judaism
Judaism_1955_C2.txt,1955,Judaism
Judaism_1955_C3.txt,1955,Judaism
Judaism_1955_C4.txt,1955,Judaism
Judaism_1955_C5.txt,1955,Judaism
Judaism_1955_C6.txt,1955,Judaism
Judaism_1955_C7.txt,1955,Judaism
Judaism_1955_C8.txt,1955,Judaism
Judaism_1955_C9.txt,1955,Judaism
Judaism_1955_C10.txt,1955,Judaism
Judaism_1955_C11.txt,1955,Judaism
Judaism_1955_C12.txt,1955,Judaism
Judaism_1955_C13.txt,1955,Judaism
Interfaith_1955_C0.txt,1955,Interfaith
Interfaith_1955_C1.txt,1955,Interfaith
Buddhism_1955_C0.txt,1955,Buddhism
Buddhism_1955_C1.txt,1955,Buddhism
Buddhism_1955_C2.txt,1955,Buddhism
Buddhism_1955_C3.txt,1955,Buddhism
Buddhism_1955_C4.txt,1955,Buddhism
Buddhism_1955_C5.txt,1955,Buddhism
Buddhism_1955_C6.txt,1955,Buddhism
Buddhism_1955_C7.txt,1955,Buddhism
Buddhism_1955_C8.txt,1955,Buddhism
Buddhism_1955_C9.txt,1955,Buddhism
Catholicism_1955_C0.txt,1955,Catholicism
Catholicism_1955_C1.txt,1955,Catholicism
Catholicism_1955_C2.txt,1955,Catholicism
Catholicism_1955_C3.txt,1955,Catholicism
Catholicism_1955_C4.txt,1955,Catholicism
Catholicism_1955_C5.txt,1955,Catholicism
Catholicism_1955_C6.txt,1955,Catholicism
Islam_1955_C0.txt,1955,Islam
Islam_1955_C1.txt,1955,Islam
Islam_1955_C2.txt,1955,Islam
Islam_1955_C3.txt,1955,Islam
Islam_1955_C4.txt,1955,Islam
Islam_1955_C5.txt,1955,Islam
Shinto_1955_C0.txt,1955,Shinto
Catholicism_1960_C0.txt,1960,Catholicism
Catholicism_1960_C1.txt,1960,Catholicism
Catholicism_1960_C2.txt,1960,Catholicism
Catholicism_1960_C3.txt,1960,Catholicism
Catholicism_1960_C4.txt,1960,Catholicism
Catholicism_1960_C5.txt,1960,Catholicism
Catholicism_1960_C6.txt,1960,Catholicism
Catholicism_1960_C7.txt,1960,Catholicism
Catholicism_1960_C8.txt,1960,Catholicism
Catholicism_1960_C9.txt,1960,Catholicism
Catholicism_1960_C10.txt,1960,Catholicism
Catholicism_1960_C11.txt,1960,Catholicism
Catholicism_1960_C12.txt,1960,Catholicism
Catholicism_1960_C13.txt,1960,Catholicism
Catholicism_1960_C14.txt,1960,Catholicism
Catholicism_1960_C15.txt,1960,Catholicism
Interfaith_1960_C0.txt,1960,Interfaith
Interfaith_1960_C1.txt,1960,Interfaith
Interfaith_1960_C2.txt,1960,Interfaith
Interfaith_1960_C3.txt,1960,Interfaith
Interfaith_1960_C4.txt,1960,Interfaith
Interfaith_1960_C5.txt,1960,Interfaith
Interfaith_1960_C6.txt,1960,Interfaith
Interfaith_1960_C7.txt,1960,Interfaith
Interfaith_1960_C8.txt,1960,Interfaith
Interfaith_1960_C9.txt,1960,Interfaith
Interfaith_1960_C10.txt,1960,Interfaith
Interfaith_1960_C11.txt,1960,Interfaith
Interfaith_1960_C12.txt,1960,Interfaith
Interfaith_1960_C13.txt,1960,Interfaith
Interfaith_1960_C14.txt,1960,Interfaith
Interfaith_1960_C15.txt,1960,Interfaith
Interfaith_1960_C16.txt,1960,Interfaith
Interfaith_1960_C17.txt,1960,Interfaith
Interfaith_1960_C18.txt,1960,Interfaith
Interfaith_1960_C19.txt,1960,Interfaith
Interfaith_1960_C20.txt,1960,Interfaith
Interfaith_1960_C21.txt,1960,Interfaith
Interfaith_1960_C22.txt,1960,Interfaith
Interfaith_1960_C23.txt,1960,Interfaith
Interfaith_1960_C24.txt,1960,Interfaith
Interfaith_1960_C25.txt,1960,Interfaith
Interfaith_1960_C26.txt,1960,Interfaith
Interfaith_1960_C27.txt,1960,Interfaith
Interfaith_1960_C28.txt,1960,Interfaith
Interfaith_1960_C29.txt,1960,Interfaith
Interfaith_1960_C30.txt,1960,Interfaith
Interfaith_1960_C31.txt,1960,Interfaith
Interfaith_1960_C32.txt,1960,Interfaith
Interfaith_1960_C33.txt,1960,Interfaith
Interfaith_1960_C34.txt,1960,Interfaith
Interfaith_1960_C35.txt,1960,Interfaith
Interfaith_1960_C36.txt,1960,Interfaith
Interfaith_1960_C37.txt,1960,Interfaith
Interfaith_1960_C38.txt,1960,Interfaith
Interfaith_1960_C39.txt,1960,Interfaith
Interfaith_1960_C40.txt,1960,Interfaith
Interfaith_1960_C41.txt,1960,Interfaith
Interfaith_1960_C42.txt,1960,Interfaith
Interfaith_1960_C43.txt,1960,Interfaith
Interfaith_1960_C44.txt,1960,Interfaith
Interfaith_1960_C45.txt,1960,Interfaith
Interfaith_1960_C46.txt,1960,Interfaith
Interfaith_1960_C47.txt,1960,Interfaith
Interfaith_1960_C48.txt,1960,Interfaith
Interfaith_1960_C49.txt,1960,Interfaith
Interfaith_1960_C50.txt,1960,Interfaith
Interfaith_1960_C51.txt,1960,Interfaith
Interfaith_1960_C52.txt,1960,Interfaith
Interfaith_1960_C53.txt,1960,Interfaith
Interfaith_1960_C54.txt,1960,Interfaith
Interfaith_1960_C55.txt,1960,Interfaith
Interfaith_1960_C56.txt,1960,Interfaith
Interfaith_1960_C57.txt,1960,Interfaith
Buddhism_1960_C0.txt,1960,Buddhism
Buddhism_1960_C1.txt,1960,Buddhism
Buddhism_1960_C2.txt,1960,Buddhism
Buddhism_1960_C3.txt,1960,Buddhism
Buddhism_1960_C4.txt,1960,Buddhism
Buddhism_1960_C5.txt,1960,Buddhism
Buddhism_1960_C6.txt,1960,Buddhism
Buddhism_1960_C7.txt,1960,Buddhism
Buddhism_1960_C8.txt,1960,Buddhism
Buddhism_1960_C9.txt,1960,Buddhism
Buddhism_1960_C10.txt,1960,Buddhism
Buddhism_1960_C11.txt,1960,Buddhism
Buddhism_1960_C12.txt,1960,Buddhism
Hinduism_1960_C0.txt,1960,Hinduism
Hinduism_1960_C1.txt,1960,Hinduism
Judaism_1960_C0.txt,1960,Judaism
Judaism_1960_C1.txt,1960,Judaism
Judaism_1960_C2.txt,1960,Judaism
Judaism_1960_C3.txt,1960,Judaism
Judaism_1960_C4.txt,1960,Judaism
Judaism_1960_C5.txt,1960,Judaism
Judaism_1960_C6.txt,1960,Judaism
Judaism_1960_C7.txt,1960,Judaism
Judaism_1960_C8.txt,1960,Judaism
Judaism_1960_C9.txt,1960,Judaism
Judaism_1960_C10.txt,1960,Judaism
Judaism_1960_C11.txt,1960,Judaism
Judaism_1960_C12.txt,1960,Judaism
Judaism_1960_C13.txt,1960,Judaism
Judaism_1960_C14.txt,1960,Judaism
Judaism_1960_C15.txt,1960,Judaism
Judaism_1960_C16.txt,1960,Judaism
Judaism_1960_C17.txt,1960,Judaism
Judaism_1960_C18.txt,1960,Judaism
Judaism_1960_C19.txt,1960,Judaism
Judaism_1960_C20.txt,1960,Judaism
Judaism_1960_C21.txt,1960,Judaism
Judaism_1960_C22.txt,1960,Judaism
Judaism_1960_C23.txt,1960,Judaism
Judaism_1960_C24.txt,1960,Judaism
Islam_1960_C0.txt,1960,Islam
Islam_1960_C1.txt,1960,Islam
Islam_1960_C2.txt,1960,Islam
Islam_1960_C3.txt,1960,Islam
Islam_1960_C4.txt,1960,Islam
Islam_1960_C5.txt,1960,Islam
Taoism_1960_C0.txt,1960,Taoism
Buddhism_1946_C0.txt,1946,Buddhism
Hinduism_1946_C0.txt,1946,Hinduism
Hinduism_1946_C1.txt,1946,Hinduism
Hinduism_1946_C2.txt,1946,Hinduism
Hinduism_1946_C3.txt,1946,Hinduism
Hinduism_1946_C4.txt,1946,Hinduism
Hinduism_1946_C5.txt,1946,Hinduism
Hinduism_1946_C6.txt,1946,Hinduism
Hinduism_1946_C7.txt,1946,Hinduism
Hinduism_1946_C8.txt,1946,Hinduism
Hinduism_1946_C9.txt,1946,Hinduism
Judaism_1946_C0.txt,1946,Judaism
Judaism_1946_C1.txt,1946,Judaism
Judaism_1946_C2.txt,1946,Judaism
Judaism_1946_C3.txt,1946,Judaism
Judaism_1946_C4.txt,1946,Judaism
Judaism_1946_C5.txt,1946,Judaism
Judaism_1946_C6.txt,1946,Judaism
Judaism_1946_C7.txt,1946,Judaism
Judaism_1946_C8.txt,1946,Judaism
Judaism_1946_C9.txt,1946,Judaism
Judaism_1946_C10.txt,1946,Judaism
Judaism_1946_C11.txt,1946,Judaism
Judaism_1946_C12.txt,1946,Judaism
Judaism_1946_C13.txt,1946,Judaism
Judaism_1946_C14.txt,1946,Judaism
Judaism_1946_C15.txt,1946,Judaism
Catholicism_1946_C0.txt,1946,Catholicism
Catholicism_1946_C1.txt,1946,Catholicism
Catholicism_1946_C2.txt,1946,Catholicism
Islam_1946_C0.txt,1946,Islam
Catholicism_1924_C0.txt,1924,Catholicism
Catholicism_1924_C1.txt,1924,Catholicism
Catholicism_1924_C2.txt,1924,Catholicism
Catholicism_1924_C3.txt,1924,Catholicism
Catholicism_1924_C4.txt,1924,Catholicism
Catholicism_1924_C5.txt,1924,Catholicism
Catholicism_1924_C6.txt,1924,Catholicism
Judaism_1924_C0.txt,1924,Judaism
Judaism_1924_C1.txt,1924,Judaism
Judaism_1924_C2.txt,1924,Judaism
Judaism_1924_C3.txt,1924,Judaism
Judaism_1924_C4.txt,1924,Judaism
Judaism_1924_C5.txt,1924,Judaism
Judaism_1924_C6.txt,1924,Judaism
Islam_1924_C0.txt,1924,Islam
Islam_1924_C1.txt,1924,Islam
Confucianism_1924_C0.txt,1924,Confucianism
Hinduism_1924_C0.txt,1924,Hinduism
Hinduism_1924_C1.txt,1924,Hinduism
Hinduism_1924_C2.txt,1924,Hinduism
Buddhism_1961_C0.txt,1961,Buddhism
Buddhism_1961_C1.txt,1961,Buddhism
Buddhism_1961_C2.txt,1961,Buddhism
Buddhism_1961_C3.txt,1961,Buddhism
Buddhism_1961_C4.txt,1961,Buddhism
Buddhism_1961_C5.txt,1961,Buddhism
Buddhism_1961_C6.txt,1961,Buddhism
Interfaith_1961_C0.txt,1961,Interfaith
Interfaith_1961_C1.txt,1961,Interfaith
Interfaith_1961_C2.txt,1961,Interfaith
Interfaith_1961_C3.txt,1961,Interfaith
Interfaith_1961_C4.txt,1961,Interfaith
Interfaith_1961_C5.txt,1961,Interfaith
Interfaith_1961_C6.txt,1961,Interfaith
Interfaith_1961_C7.txt,1961,Interfaith
Interfaith_1961_C8.txt,1961,Interfaith
Interfaith_1961_C9.txt,1961,Interfaith
Interfaith_1961_C10.txt,1961,Interfaith
Interfaith_1961_C11.txt,1961,Interfaith
Interfaith_1961_C12.txt,1961,Interfaith
Interfaith_1961_C13.txt,1961,Interfaith
Interfaith_1961_C14.txt,1961,Interfaith
Interfaith_1961_C15.txt,1961,Interfaith
Interfaith_1961_C16.txt,1961,Interfaith
Interfaith_1961_C17.txt,1961,Interfaith
Interfaith_1961_C18.txt,1961,Interfaith
Interfaith_1961_C19.txt,1961,Interfaith
Interfaith_1961_C20.txt,1961,Interfaith
Interfaith_1961_C21.txt,1961,Interfaith
Interfaith_1961_C22.txt,1961,Interfaith
Interfaith_1961_C23.txt,1961,Interfaith
Interfaith_1961_C24.txt,1961,Interfaith
Interfaith_1961_C25.txt,1961,Interfaith
Interfaith_1961_C26.txt,1961,Interfaith
Interfaith_1961_C27.txt,1961,Interfaith
Interfaith_1961_C28.txt,1961,Interfaith
Interfaith_1961_C29.txt,1961,Interfaith
Interfaith_1961_C30.txt,1961,Interfaith
Interfaith_1961_C31.txt,1961,Interfaith
Interfaith_1961_C32.txt,1961,Interfaith
Interfaith_1961_C33.txt,1961,Interfaith
Interfaith_1961_C34.txt,1961,Interfaith
Interfaith_1961_C35.txt,1961,Interfaith
Interfaith_1961_C36.txt,1961,Interfaith
Interfaith_1961_C37.txt,1961,Interfaith
Interfaith_1961_C38.txt,1961,Interfaith
Interfaith_1961_C39.txt,1961,Interfaith
Interfaith_1961_C40.txt,1961,Interfaith
Interfaith_1961_C41.txt,1961,Interfaith
Interfaith_1961_C42.txt,1961,Interfaith
Interfaith_1961_C43.txt,1961,Interfaith
Interfaith_1961_C44.txt,1961,Interfaith
Islam_1961_C0.txt,1961,Islam
Islam_1961_C1.txt,1961,Islam
Islam_1961_C2.txt,1961,Islam
Islam_1961_C3.txt,1961,Islam
Islam_1961_C4.txt,1961,Islam
Catholicism_1961_C0.txt,1961,Catholicism
Catholicism_1961_C1.txt,1961,Catholicism
Catholicism_1961_C2.txt,1961,Catholicism
Catholicism_1961_C3.txt,1961,Catholicism
Catholicism_1961_C4.txt,1961,Catholicism
Catholicism_1961_C5.txt,1961,Catholicism
Judaism_1961_C0.txt,1961,Judaism
Judaism_1961_C1.txt,1961,Judaism
Judaism_1961_C2.txt,1961,Judaism
Judaism_1961_C3.txt,1961,Judaism
Judaism_1961_C4.txt,1961,Judaism
Judaism_1961_C5.txt,1961,Judaism
Judaism_1961_C6.txt,1961,Judaism
Judaism_1961_C7.txt,1961,Judaism
Judaism_1961_C8.txt,1961,Judaism
Judaism_1961_C9.txt,1961,Judaism
Judaism_1961_C10.txt,1961,Judaism
Judaism_1961_C11.txt,1961,Judaism
Judaism_1961_C12.txt,1961,Judaism
Judaism_1961_C13.txt,1961,Judaism
Judaism_1961_C14.txt,1961,Judaism
Judaism_1961_C15.txt,1961,Judaism
Catholicism_1958_C0.txt,1958,Catholicism
Catholicism_1958_C1.txt,1958,Catholicism
Catholicism_1958_C2.txt,1958,Catholicism
Catholicism_1958_C3.txt,1958,Catholicism
Catholicism_1958_C4.txt,1958,Catholicism
Catholicism_1958_C5.txt,1958,Catholicism
Catholicism_1958_C6.txt,1958,Catholicism
Catholicism_1958_C7.txt,1958,Catholicism
Catholicism_1958_C8.txt,1958,Catholicism
Catholicism_1958_C9.txt,1958,Catholicism
Catholicism_1958_C10.txt,1958,Catholicism
Catholicism_1958_C11.txt,1958,Catholicism
Catholicism_1958_C12.txt,1958,Catholicism
Catholicism_1958_C13.txt,1958,Catholicism
Catholicism_1958_C14.txt,1958,Catholicism
Interfaith_1958_C0.txt,1958,Interfaith
Interfaith_1958_C1.txt,1958,Interfaith
Interfaith_1958_C2.txt,1958,Interfaith
Interfaith_1958_C3.txt,1958,Interfaith
Interfaith_1958_C4.txt,1958,Interfaith
Interfaith_1958_C5.txt,1958,Interfaith
Interfaith_1958_C6.txt,1958,Interfaith
Interfaith_1958_C7.txt,1958,Interfaith
Interfaith_1958_C8.txt,1958,Interfaith
Interfaith_1958_C9.txt,1958,Interfaith
Interfaith_1958_C10.txt,1958,Interfaith
Interfaith_1958_C11.txt,1958,Interfaith
Interfaith_1958_C12.txt,1958,Interfaith
Interfaith_1958_C13.txt,1958,Interfaith
Interfaith_1958_C14.txt,1958,Interfaith
Interfaith_1958_C15.txt,1958,Interfaith
Interfaith_1958_C16.txt,1958,Interfaith
Interfaith_1958_C17.txt,1958,Interfaith
Interfaith_1958_C18.txt,1958,Interfaith
Interfaith_1958_C19.txt,1958,Interfaith
Interfaith_1958_C20.txt,1958,Interfaith
Interfaith_1958_C21.txt,1958,Interfaith
Interfaith_1958_C22.txt,1958,Interfaith
Interfaith_1958_C23.txt,1958,Interfaith
Interfaith_1958_C24.txt,1958,Interfaith
Interfaith_1958_C25.txt,1958,Interfaith
Interfaith_1958_C26.txt,1958,Interfaith
Interfaith_1958_C27.txt,1958,Interfaith
Interfaith_1958_C28.txt,1958,Interfaith
Interfaith_1958_C29.txt,1958,Interfaith
Interfaith_1958_C30.txt,1958,Interfaith
Interfaith_1958_C31.txt,1958,Interfaith
Interfaith_1958_C32.txt,1958,Interfaith
Interfaith_1958_C33.txt,1958,Interfaith
Interfaith_1958_C34.txt,1958,Interfaith
Interfaith_1958_C35.txt,1958,Interfaith
Interfaith_1958_C36.txt,1958,Interfaith
Interfaith_1958_C37.txt,1958,Interfaith
Interfaith_1958_C38.txt,1958,Interfaith
Interfaith_1958_C39.txt,1958,Interfaith
Interfaith_1958_C40.txt,1958,Interfaith
Interfaith_1958_C41.txt,1958,Interfaith
Interfaith_1958_C42.txt,1958,Interfaith
Interfaith_1958_C43.txt,1958,Interfaith
Interfaith_1958_C44.txt,1958,Interfaith
Interfaith_1958_C45.txt,1958,Interfaith
Interfaith_1958_C46.txt,1958,Interfaith
Interfaith_1958_C47.txt,1958,Interfaith
Interfaith_1958_C48.txt,1958,Interfaith
Interfaith_1958_C49.txt,1958,Interfaith
Interfaith_1958_C50.txt,1958,Interfaith
Interfaith_1958_C51.txt,1958,Interfaith
Interfaith_1958_C52.txt,1958,Interfaith
Interfaith_1958_C53.txt,1958,Interfaith
Interfaith_1958_C54.txt,1958,Interfaith
Interfaith_1958_C55.txt,1958,Interfaith
Interfaith_1958_C56.txt,1958,Interfaith
Interfaith_1958_C57.txt,1958,Interfaith
Interfaith_1958_C58.txt,1958,Interfaith
Interfaith_1958_C59.txt,1958,Interfaith
Interfaith_1958_C60.txt,1958,Interfaith
Interfaith_1958_C61.txt,1958,Interfaith
Interfaith_1958_C62.txt,1958,Interfaith
Interfaith_1958_C63.txt,1958,Interfaith
Interfaith_1958_C64.txt,1958,Interfaith
Interfaith_1958_C65.txt,1958,Interfaith
Interfaith_1958_C66.txt,1958,Interfaith
Interfaith_1958_C67.txt,1958,Interfaith
Interfaith_1958_C68.txt,1958,Interfaith
Interfaith_1958_C69.txt,1958,Interfaith
Interfaith_1958_C70.txt,1958,Interfaith
Interfaith_1958_C71.txt,1958,Interfaith
Judaism_1958_C0.txt,1958,Judaism
Judaism_1958_C1.txt,1958,Judaism
Judaism_1958_C2.txt,1958,Judaism
Judaism_1958_C3.txt,1958,Judaism
Judaism_1958_C4.txt,1958,Judaism
Judaism_1958_C5.txt,1958,Judaism
Judaism_1958_C6.txt,1958,Judaism
Judaism_1958_C7.txt,1958,Judaism
Judaism_1958_C8.txt,1958,Judaism
Judaism_1958_C9.txt,1958,Judaism
Judaism_1958_C10.txt,1958,Judaism
Judaism_1958_C11.txt,1958,Judaism
Judaism_1958_C12.txt,1958,Judaism
Judaism_1958_C13.txt,1958,Judaism
Judaism_1958_C14.txt,1958,Judaism
Hinduism_1958_C0.txt,1958,Hinduism
Islam_1958_C0.txt,1958,Islam
Buddhism_1958_C0.txt,1958,Buddhism
Judaism_1915_C0.txt,1915,Judaism
Judaism_1915_C1.txt,1915,Judaism
Judaism_1915_C2.txt,1915,Judaism
Judaism_1915_C3.txt,1915,Judaism
Judaism_1915_C4.txt,1915,Judaism
Judaism_1915_C5.txt,1915,Judaism
Judaism_1915_C6.txt,1915,Judaism
Judaism_1915_C7.txt,1915,Judaism
Catholicism_1915_C0.txt,1915,Catholicism
Catholicism_1915_C1.txt,1915,Catholicism
Catholicism_1915_C2.txt,1915,Catholicism
Catholicism_1915_C3.txt,1915,Catholicism
Catholicism_1915_C4.txt,1915,Catholicism
Catholicism_1915_C5.txt,1915,Catholicism
Hinduism_1915_C0.txt,1915,Hinduism
Judaism_1956_C0.txt,1956,Judaism
Judaism_1956_C1.txt,1956,Judaism
Judaism_1956_C2.txt,1956,Judaism
Judaism_1956_C3.txt,1956,Judaism
Judaism_1956_C4.txt,1956,Judaism
Judaism_1956_C5.txt,1956,Judaism
Judaism_1956_C6.txt,1956,Judaism
Judaism_1956_C7.txt,1956,Judaism
Judaism_1956_C8.txt,1956,Judaism
Judaism_1956_C9.txt,1956,Judaism
Judaism_1956_C10.txt,1956,Judaism
Judaism_1956_C11.txt,1956,Judaism
Judaism_1956_C12.txt,1956,Judaism
Judaism_1956_C13.txt,1956,Judaism
Judaism_1956_C14.txt,1956,Judaism
Judaism_1956_C15.txt,1956,Judaism
Judaism_1956_C16.txt,1956,Judaism
Judaism_1956_C17.txt,1956,Judaism
Judaism_1956_C18.txt,1956,Judaism
Judaism_1956_C19.txt,1956,Judaism
Judaism_1956_C20.txt,1956,Judaism
Judaism_1956_C21.txt,1956,Judaism
Judaism_1956_C22.txt,1956,Judaism
Judaism_1956_C23.txt,1956,Judaism
Judaism_1956_C24.txt,1956,Judaism
Judaism_1956_C25.txt,1956,Judaism
Judaism_1956_C26.txt,1956,Judaism
Judaism_1956_C27.txt,1956,Judaism
Judaism_1956_C28.txt,1956,Judaism
Judaism_1956_C29.txt,1956,Judaism
Judaism_1956_C30.txt,1956,Judaism
Judaism_1956_C31.txt,1956,Judaism
Judaism_1956_C32.txt,1956,Judaism
Judaism_1956_C33.txt,1956,Judaism
Judaism_1956_C34.txt,1956,Judaism
Judaism_1956_C35.txt,1956,Judaism
Judaism_1956_C36.txt,1956,Judaism
Judaism_1956_C37.txt,1956,Judaism
Judaism_1956_C38.txt,1956,Judaism
Catholicism_1956_C0.txt,1956,Catholicism
Catholicism_1956_C1.txt,1956,Catholicism
Catholicism_1956_C2.txt,1956,Catholicism
Interfaith_1956_C0.txt,1956,Interfaith
Interfaith_1956_C1.txt,1956,Interfaith
Interfaith_1956_C2.txt,1956,Interfaith
Interfaith_1956_C3.txt,1956,Interfaith
Interfaith_1956_C4.txt,1956,Interfaith
Interfaith_1956_C5.txt,1956,Interfaith
Islam_1956_C0.txt,1956,Islam
Islam_1956_C1.txt,1956,Islam
Hinduism_1956_C0.txt,1956,Hinduism
Interfaith_1962_C0.txt,1962,Interfaith
Interfaith_1962_C1.txt,1962,Interfaith
Interfaith_1962_C2.txt,1962,Interfaith
Interfaith_1962_C3.txt,1962,Interfaith
Interfaith_1962_C4.txt,1962,Interfaith
Interfaith_1962_C5.txt,1962,Interfaith
Interfaith_1962_C6.txt,1962,Interfaith
Interfaith_1962_C7.txt,1962,Interfaith
Interfaith_1962_C8.txt,1962,Interfaith
Interfaith_1962_C9.txt,1962,Interfaith
Interfaith_1962_C10.txt,1962,Interfaith
Interfaith_1962_C11.txt,1962,Interfaith
Interfaith_1962_C12.txt,1962,Interfaith
Interfaith_1962_C13.txt,1962,Interfaith
Interfaith_1962_C14.txt,1962,Interfaith
Interfaith_1962_C15.txt,1962,Interfaith
Interfaith_1962_C16.txt,1962,Interfaith
Interfaith_1962_C17.txt,1962,Interfaith
Interfaith_1962_C18.txt,1962,Interfaith
Interfaith_1962_C19.txt,1962,Interfaith
Interfaith_1962_C20.txt,1962,Interfaith
Interfaith_1962_C21.txt,1962,Interfaith
Interfaith_1962_C22.txt,1962,Interfaith
Interfaith_1962_C23.txt,1962,Interfaith
Interfaith_1962_C24.txt,1962,Interfaith
Interfaith_1962_C25.txt,1962,Interfaith
Interfaith_1962_C26.txt,1962,Interfaith
Interfaith_1962_C27.txt,1962,Interfaith
Buddhism_1962_C0.txt,1962,Buddhism
Buddhism_1962_C1.txt,1962,Buddhism
Hinduism_1962_C0.txt,1962,Hinduism
Judaism_1962_C0.txt,1962,Judaism
Judaism_1962_C1.txt,1962,Judaism
Judaism_1962_C2.txt,1962,Judaism
Judaism_1962_C3.txt,1962,Judaism
Islam_1962_C0.txt,1962,Islam
Islam_1962_C1.txt,1962,Islam
Islam_1962_C2.txt,1962,Islam
Islam_1962_C3.txt,1962,Islam
Islam_1962_C4.txt,1962,Islam
Catholicism_1962_C0.txt,1962,Catholicism
Catholicism_1962_C1.txt,1962,Catholicism
Islam_1930_C0.txt,1930,Islam
Judaism_1930_C0.txt,1930,Judaism
Judaism_1930_C1.txt,1930,Judaism
Judaism_1930_C2.txt,1930,Judaism
Judaism_1930_C3.txt,1930,Judaism
Judaism_1930_C4.txt,1930,Judaism
Judaism_1930_C5.txt,1930,Judaism
Judaism_1930_C6.txt,1930,Judaism
Judaism_1930_C7.txt,1930,Judaism
Judaism_1930_C8.txt,1930,Judaism
Judaism_1930_C9.txt,1930,Judaism
Judaism_1930_C10.txt,1930,Judaism
Judaism_1930_C11.txt,1930,Judaism
Judaism_1930_C12.txt,1930,Judaism
Judaism_1930_C13.txt,1930,Judaism
Judaism_1930_C14.txt,1930,Judaism
Judaism_1930_C15.txt,1930,Judaism
Judaism_1930_C16.txt,1930,Judaism
Judaism_1930_C17.txt,1930,Judaism
Judaism_1930_C18.txt,1930,Judaism
Judaism_1930_C19.txt,1930,Judaism
Judaism_1930_C20.txt,1930,Judaism
Judaism_1930_C21.txt,1930,Judaism
Judaism_1930_C22.txt,1930,Judaism
Judaism_1930_C23.txt,1930,Judaism
Judaism_1930_C24.txt,1930,Judaism
Judaism_1930_C25.txt,1930,Judaism
Judaism_1930_C26.txt,1930,Judaism
Judaism_1930_C27.txt,1930,Judaism
Buddhism_1930_C0.txt,1930,Buddhism
Buddhism_1930_C1.txt,1930,Buddhism
Buddhism_1930_C2.txt,1930,Buddhism
Catholicism_1930_C0.txt,1930,Catholicism
Catholicism_1930_C1.txt,1930,Catholicism
Catholicism_1930_C2.txt,1930,Catholicism
Catholicism_1930_C3.txt,1930,Catholicism
Catholicism_1930_C4.txt,1930,Catholicism
Catholicism_1964_C0.txt,1964,Catholicism
Catholicism_1964_C1.txt,1964,Catholicism
Catholicism_1964_C2.txt,1964,Catholicism
Catholicism_1964_C3.txt,1964,Catholicism
Catholicism_1964_C4.txt,1964,Catholicism
Catholicism_1964_C5.txt,1964,Catholicism
Catholicism_1964_C6.txt,1964,Catholicism
Interfaith_1964_C0.txt,1964,Interfaith
Interfaith_1964_C1.txt,1964,Interfaith
Interfaith_1964_C2.txt,1964,Interfaith
Interfaith_1964_C3.txt,1964,Interfaith
Interfaith_1964_C4.txt,1964,Interfaith
Interfaith_1964_C5.txt,1964,Interfaith
Interfaith_1964_C6.txt,1964,Interfaith
Interfaith_1964_C7.txt,1964,Interfaith
Interfaith_1964_C8.txt,1964,Interfaith
Interfaith_1964_C9.txt,1964,Interfaith
Interfaith_1964_C10.txt,1964,Interfaith
Interfaith_1964_C11.txt,1964,Interfaith
Interfaith_1964_C12.txt,1964,Interfaith
Interfaith_1964_C13.txt,1964,Interfaith
Interfaith_1964_C14.txt,1964,Interfaith
Interfaith_1964_C15.txt,1964,Interfaith
Interfaith_1964_C16.txt,1964,Interfaith
Interfaith_1964_C17.txt,1964,Interfaith
Interfaith_1964_C18.txt,1964,Interfaith
Interfaith_1964_C19.txt,1964,Interfaith
Interfaith_1964_C20.txt,1964,Interfaith
Interfaith_1964_C21.txt,1964,Interfaith
Interfaith_1964_C22.txt,1964,Interfaith
Interfaith_1964_C23.txt,1964,Interfaith
Interfaith_1964_C24.txt,1964,Interfaith
Interfaith_1964_C25.txt,1964,Interfaith
Interfaith_1964_C26.txt,1964,Interfaith
Interfaith_1964_C27.txt,1964,Interfaith
Interfaith_1964_C28.txt,1964,Interfaith
Interfaith_1964_C29.txt,1964,Interfaith
Interfaith_1964_C30.txt,1964,Interfaith
Interfaith_1964_C31.txt,1964,Interfaith
Interfaith_1964_C32.txt,1964,Interfaith
Interfaith_1964_C33.txt,1964,Interfaith
Interfaith_1964_C34.txt,1964,Interfaith
Interfaith_1964_C35.txt,1964,Interfaith
Interfaith_1964_C36.txt,1964,Interfaith
Interfaith_1964_C37.txt,1964,Interfaith
Interfaith_1964_C38.txt,1964,Interfaith
Interfaith_1964_C39.txt,1964,Interfaith
Interfaith_1964_C40.txt,1964,Interfaith
Interfaith_1964_C41.txt,1964,Interfaith
Interfaith_1964_C42.txt,1964,Interfaith
Interfaith_1964_C43.txt,1964,Interfaith
Interfaith_1964_C44.txt,1964,Interfaith
Interfaith_1964_C45.txt,1964,Interfaith
Interfaith_1964_C46.txt,1964,Interfaith
Interfaith_1964_C47.txt,1964,Interfaith
Interfaith_1964_C48.txt,1964,Interfaith
Interfaith_1964_C49.txt,1964,Interfaith
Interfaith_1964_C50.txt,1964,Interfaith
Interfaith_1964_C51.txt,1964,Interfaith
Interfaith_1964_C52.txt,1964,Interfaith
Interfaith_1964_C53.txt,1964,Interfaith
Interfaith_1964_C54.txt,1964,Interfaith
Interfaith_1964_C55.txt,1964,Interfaith
Interfaith_1964_C56.txt,1964,Interfaith
Interfaith_1964_C57.txt,1964,Interfaith
Interfaith_1964_C58.txt,1964,Interfaith
Interfaith_1964_C59.txt,1964,Interfaith
Interfaith_1964_C60.txt,1964,Interfaith
Interfaith_1964_C61.txt,1964,Interfaith
Interfaith_1964_C62.txt,1964,Interfaith
Interfaith_1964_C63.txt,1964,Interfaith
Judaism_1964_C0.txt,1964,Judaism
Judaism_1964_C1.txt,1964,Judaism
Judaism_1964_C2.txt,1964,Judaism
Judaism_1964_C3.txt,1964,Judaism
Judaism_1964_C4.txt,1964,Judaism
Judaism_1964_C5.txt,1964,Judaism
Islam_1964_C0.txt,1964,Islam
Islam_1964_C1.txt,1964,Islam
Islam_1964_C2.txt,1964,Islam
Islam_1964_C3.txt,1964,Islam
Islam_1964_C4.txt,1964,Islam
Islam_1964_C5.txt,1964,Islam
Islam_1964_C6.txt,1964,Islam
Islam_1964_C7.txt,1964,Islam
Hinduism_1964_C0.txt,1964,Hinduism
Zoroastrianism_1964_C0.txt,1964,Zoroastrianism
Zoroastrianism_1964_C1.txt,1964,Zoroastrianism
Zoroastrianism_1964_C2.txt,1964,Zoroastrianism
Zoroastrianism_1964_C3.txt,1964,Zoroastrianism
Druze_1964_C0.txt,1964,Druze
Taoism_1964_C0.txt,1964,Taoism
Buddhism_1964_C0.txt,1964,Buddhism
Hinduism_1954_C0.txt,1954,Hinduism
Hinduism_1954_C1.txt,1954,Hinduism
Catholicism_1954_C0.txt,1954,Catholicism
Catholicism_1954_C1.txt,1954,Catholicism
Catholicism_1954_C2.txt,1954,Catholicism
Catholicism_1954_C3.txt,1954,Catholicism
Catholicism_1954_C4.txt,1954,Catholicism
Catholicism_1954_C5.txt,1954,Catholicism
Catholicism_1954_C6.txt,1954,Catholicism
Catholicism_1954_C7.txt,1954,Catholicism
Catholicism_1954_C8.txt,1954,Catholicism
Catholicism_1954_C9.txt,1954,Catholicism
Catholicism_1954_C10.txt,1954,Catholicism
Catholicism_1954_C11.txt,1954,Catholicism
Catholicism_1954_C12.txt,1954,Catholicism
Catholicism_1954_C13.txt,1954,Catholicism
Catholicism_1954_C14.txt,1954,Catholicism
Catholicism_1954_C15.txt,1954,Catholicism
Catholicism_1954_C16.txt,1954,Catholicism
Catholicism_1954_C17.txt,1954,Catholicism
Catholicism_1954_C18.txt,1954,Catholicism
Catholicism_1954_C19.txt,1954,Catholicism
Judaism_1954_C0.txt,1954,Judaism
Judaism_1954_C1.txt,1954,Judaism
Judaism_1954_C2.txt,1954,Judaism
Judaism_1954_C3.txt,1954,Judaism
Judaism_1954_C4.txt,1954,Judaism
Judaism_1954_C5.txt,1954,Judaism
Judaism_1954_C6.txt,1954,Judaism
Judaism_1954_C7.txt,1954,Judaism
Judaism_1954_C8.txt,1954,Judaism
Judaism_1954_C9.txt,1954,Judaism
Judaism_1954_C10.txt,1954,Judaism
Judaism_1954_C11.txt,1954,Judaism
Judaism_1954_C12.txt,1954,Judaism
Judaism_1954_C13.txt,1954,Judaism
Judaism_1954_C14.txt,1954,Judaism
Judaism_1954_C15.txt,1954,Judaism
Judaism_1954_C16.txt,1954,Judaism
Judaism_1954_C17.txt,1954,Judaism
Judaism_1954_C18.txt,1954,Judaism
Judaism_1954_C19.txt,1954,Judaism
Judaism_1954_C20.txt,1954,Judaism
Baha'i_1954_C0.txt,1954,Baha'i
Interfaith_1954_C0.txt,1954,Interfaith
Islam_1954_C0.txt,1954,Islam
Islam_1954_C1.txt,1954,Islam
Islam_1954_C2.txt,1954,Islam
Islam_1954_C3.txt,1954,Islam
Catholicism_1927_C0.txt,1927,Catholicism
Catholicism_1927_C1.txt,1927,Catholicism
Catholicism_1927_C2.txt,1927,Catholicism
Catholicism_1927_C3.txt,1927,Catholicism
Catholicism_1927_C4.txt,1927,Catholicism
Catholicism_1927_C5.txt,1927,Catholicism
Catholicism_1927_C6.txt,1927,Catholicism
Catholicism_1927_C7.txt,1927,Catholicism
Catholicism_1927_C8.txt,1927,Catholicism
Catholicism_1927_C9.txt,1927,Catholicism
Catholicism_1927_C10.txt,1927,Catholicism
Catholicism_1927_C11.txt,1927,Catholicism
Catholicism_1927_C12.txt,1927,Catholicism
Catholicism_1927_C13.txt,1927,Catholicism
Judaism_1927_C0.txt,1927,Judaism
Judaism_1927_C1.txt,1927,Judaism
Judaism_1927_C2.txt,1927,Judaism
Judaism_1927_C3.txt,1927,Judaism
Judaism_1927_C4.txt,1927,Judaism
Judaism_1927_C5.txt,1927,Judaism
Judaism_1927_C6.txt,1927,Judaism
Judaism_1927_C7.txt,1927,Judaism
Judaism_1927_C8.txt,1927,Judaism
Judaism_1927_C9.txt,1927,Judaism
Judaism_1927_C10.txt,1927,Judaism
Judaism_1927_C11.txt,1927,Judaism
Judaism_1927_C12.txt,1927,Judaism
Judaism_1927_C13.txt,1927,Judaism
Judaism_1927_C14.txt,1927,Judaism
Judaism_1927_C15.txt,1927,Judaism
Judaism_1927_C16.txt,1927,Judaism
Judaism_1927_C17.txt,1927,Judaism
Judaism_1927_C18.txt,1927,Judaism
Judaism_1927_C19.txt,1927,Judaism
Judaism_1927_C20.txt,1927,Judaism
Judaism_1927_C21.txt,1927,Judaism
Judaism_1927_C22.txt,1927,Judaism
Judaism_1927_C23.txt,1927,Judaism
Judaism_1927_C24.txt,1927,Judaism
Judaism_1927_C25.txt,1927,Judaism
Judaism_1927_C26.txt,1927,Judaism
Islam_1927_C0.txt,1927,Islam
Islam_1927_C1.txt,1927,Islam
Islam_1927_C2.txt,1927,Islam
Islam_1927_C3.txt,1927,Islam
Islam_1927_C4.txt,1927,Islam
Islam_1927_C5.txt,1927,Islam
Islam_1927_C6.txt,1927,Islam
Islam_1927_C7.txt,1927,Islam
Islam_1927_C8.txt,1927,Islam
Islam_1927_C9.txt,1927,Islam
Islam_1927_C10.txt,1927,Islam
Islam_1927_C11.txt,1927,Islam
Islam_1927_C12.txt,1927,Islam
Islam_1927_C13.txt,1927,Islam
Islam_1927_C14.txt,1927,Islam
Islam_1927_C15.txt,1927,Islam
Islam_1927_C16.txt,1927,Islam
Islam_1927_C17.txt,1927,Islam
Islam_1927_C18.txt,1927,Islam
Islam_1927_C19.txt,1927,Islam
Islam_1927_C20.txt,1927,Islam
Islam_1927_C21.txt,1927,Islam
Islam_1927_C22.txt,1927,Islam
Islam_1927_C23.txt,1927,Islam
Islam_1927_C24.txt,1927,Islam
Islam_1927_C25.txt,1927,Islam
Buddhism_1927_C0.txt,1927,Buddhism
Buddhism_1927_C1.txt,1927,Buddhism
Buddhism_1927_C2.txt,1927,Buddhism
Buddhism_1927_C3.txt,1927,Buddhism
Buddhism_1927_C4.txt,1927,Buddhism
Buddhism_1927_C5.txt,1927,Buddhism
Buddhism_1927_C6.txt,1927,Buddhism
Buddhism_1927_C7.txt,1927,Buddhism
Buddhism_1927_C8.txt,1927,Buddhism
Buddhism_1927_C9.txt,1927,Buddhism
Buddhism_1927_C10.txt,1927,Buddhism
Buddhism_1927_C11.txt,1927,Buddhism
Buddhism_1927_C12.txt,1927,Buddhism
Buddhism_1927_C13.txt,1927,Buddhism
Buddhism_1927_C14.txt,1927,Buddhism
Hinduism_1927_C0.txt,1927,Hinduism
Hinduism_1927_C1.txt,1927,Hinduism
Hinduism_1927_C2.txt,1927,Hinduism
Jainism_1927_C0.txt,1927,Jainism
Catholicism_1944_C0.txt,1944,Catholicism
Catholicism_1944_C1.txt,1944,Catholicism
Catholicism_1944_C2.txt,1944,Catholicism
Catholicism_1944_C3.txt,1944,Catholicism
Catholicism_1944_C4.txt,1944,Catholicism
Catholicism_1944_C5.txt,1944,Catholicism
Buddhism_1944_C0.txt,1944,Buddhism
Buddhism_1944_C1.txt,1944,Buddhism
Hinduism_1944_C0.txt,1944,Hinduism
Judaism_1944_C0.txt,1944,Judaism
Judaism_1944_C1.txt,1944,Judaism
Judaism_1944_C2.txt,1944,Judaism
Baha'i_1944_C0.txt,1944,Baha'i
Catholicism_1949_C0.txt,1949,Catholicism
Catholicism_1949_C1.txt,1949,Catholicism
Catholicism_1949_C2.txt,1949,Catholicism
Catholicism_1949_C3.txt,1949,Catholicism
Catholicism_1949_C4.txt,1949,Catholicism
Judaism_1949_C0.txt,1949,Judaism
Judaism_1949_C1.txt,1949,Judaism
Judaism_1949_C2.txt,1949,Judaism
Judaism_1949_C3.txt,1949,Judaism
Judaism_1949_C4.txt,1949,Judaism
Judaism_1949_C5.txt,1949,Judaism
Judaism_1949_C6.txt,1949,Judaism
Judaism_1940_C0.txt,1940,Judaism
Judaism_1940_C1.txt,1940,Judaism
Judaism_1940_C2.txt,1940,Judaism
Judaism_1940_C3.txt,1940,Judaism
Judaism_1940_C4.txt,1940,Judaism
Judaism_1940_C5.txt,1940,Judaism
Judaism_1940_C6.txt,1940,Judaism
Catholicism_1940_C0.txt,1940,Catholicism
Catholicism_1940_C1.txt,1940,Catholicism
Catholicism_1940_C2.txt,1940,Catholicism
Catholicism_1940_C3.txt,1940,Catholicism
Catholicism_1940_C4.txt,1940,Catholicism
Catholicism_1940_C5.txt,1940,Catholicism
Catholicism_1940_C6.txt,1940,Catholicism
Catholicism_1940_C7.txt,1940,Catholicism
Catholicism_1940_C8.txt,1940,Catholicism
Islam_1940_C0.txt,1940,Islam
Catholicism_1931_C0.txt,1931,Catholicism
Catholicism_1931_C1.txt,1931,Catholicism
Catholicism_1931_C2.txt,1931,Catholicism
Catholicism_1931_C3.txt,1931,Catholicism
Catholicism_1931_C4.txt,1931,Catholicism
Hinduism_1931_C0.txt,1931,Hinduism
Hinduism_1931_C1.txt,1931,Hinduism
Hinduism_1931_C2.txt,1931,Hinduism
Hinduism_1931_C3.txt,1931,Hinduism
Hinduism_1931_C4.txt,1931,Hinduism
Hinduism_1931_C5.txt,1931,Hinduism
Hinduism_1931_C6.txt,1931,Hinduism
Hinduism_1931_C7.txt,1931,Hinduism
Hinduism_1931_C8.txt,1931,Hinduism
Hinduism_1931_C9.txt,1931,Hinduism
Hinduism_1931_C10.txt,1931,Hinduism
Hinduism_1931_C11.txt,1931,Hinduism
Hinduism_1931_C12.txt,1931,Hinduism
Islam_1931_C0.txt,1931,Islam
Islam_1931_C1.txt,1931,Islam
Islam_1931_C2.txt,1931,Islam
Islam_1931_C3.txt,1931,Islam
Islam_1931_C4.txt,1931,Islam
Islam_1931_C5.txt,1931,Islam
Islam_1931_C6.txt,1931,Islam
Islam_1931_C7.txt,1931,Islam
Islam_1931_C8.txt,1931,Islam
Judaism_1931_C0.txt,1931,Judaism
Judaism_1931_C1.txt,1931,Judaism
Judaism_1931_C2.txt,1931,Judaism
Judaism_1931_C3.txt,1931,Judaism
Judaism_1931_C4.txt,1931,Judaism
Judaism_1931_C5.txt,1931,Judaism
Baha'i_1931_C0.txt,1931,Baha'i
Hinduism_1948_C0.txt,1948,Hinduism
Hinduism_1948_C1.txt,1948,Hinduism
Hinduism_1948_C2.txt,1948,Hinduism
Hinduism_1948_C3.txt,1948,Hinduism
Hinduism_1948_C4.txt,1948,Hinduism
Hinduism_1948_C5.txt,1948,Hinduism
Hinduism_1948_C6.txt,1948,Hinduism
Hinduism_1948_C7.txt,1948,Hinduism
Hinduism_1948_C8.txt,1948,Hinduism
Hinduism_1948_C9.txt,1948,Hinduism
Catholicism_1948_C0.txt,1948,Catholicism
Catholicism_1948_C1.txt,1948,Catholicism
Catholicism_1948_C2.txt,1948,Catholicism
Catholicism_1948_C3.txt,1948,Catholicism
Catholicism_1948_C4.txt,1948,Catholicism
Buddhism_1948_C0.txt,1948,Buddhism
Interfaith_1948_C0.txt,1948,Interfaith
Interfaith_1948_C1.txt,1948,Interfaith
Judaism_1948_C0.txt,1948,Judaism
Judaism_1948_C1.txt,1948,Judaism
Judaism_1948_C2.txt,1948,Judaism
Judaism_1948_C3.txt,1948,Judaism
Judaism_1948_C4.txt,1948,Judaism
Islam_1948_C0.txt,1948,Islam
Islam_1948_C1.txt,1948,Islam
Islam_1948_C2.txt,1948,Islam
Hinduism_1921_C0.txt,1921,Hinduism
Hinduism_1921_C1.txt,1921,Hinduism
Judaism_1921_C0.txt,1921,Judaism
Judaism_1921_C1.txt,1921,Judaism
Judaism_1921_C2.txt,1921,Judaism
Judaism_1921_C3.txt,1921,Judaism
Judaism_1921_C4.txt,1921,Judaism
Judaism_1921_C5.txt,1921,Judaism
Buddhism_1921_C0.txt,1921,Buddhism
Catholicism_1921_C0.txt,1921,Catholicism
Catholicism_1921_C1.txt,1921,Catholicism
Islam_1921_C0.txt,1921,Islam
Interfaith_1966_C0.txt,1966,Interfaith
Interfaith_1966_C1.txt,1966,Interfaith
Interfaith_1966_C2.txt,1966,Interfaith
Interfaith_1966_C3.txt,1966,Interfaith
Interfaith_1966_C4.txt,1966,Interfaith
Interfaith_1966_C5.txt,1966,Interfaith
Interfaith_1966_C6.txt,1966,Interfaith
Interfaith_1966_C7.txt,1966,Interfaith
Interfaith_1966_C8.txt,1966,Interfaith
Interfaith_1966_C9.txt,1966,Interfaith
Interfaith_1966_C10.txt,1966,Interfaith
Interfaith_1966_C11.txt,1966,Interfaith
Interfaith_1966_C12.txt,1966,Interfaith
Interfaith_1966_C13.txt,1966,Interfaith
Interfaith_1966_C14.txt,1966,Interfaith
Interfaith_1966_C15.txt,1966,Interfaith
Interfaith_1966_C16.txt,1966,Interfaith
Interfaith_1966_C17.txt,1966,Interfaith
Interfaith_1966_C18.txt,1966,Interfaith
Interfaith_1966_C19.txt,1966,Interfaith
Interfaith_1966_C20.txt,1966,Interfaith
Interfaith_1966_C21.txt,1966,Interfaith
Interfaith_1966_C22.txt,1966,Interfaith
Interfaith_1966_C23.txt,1966,Interfaith
Interfaith_1966_C24.txt,1966,Interfaith
Interfaith_1966_C25.txt,1966,Interfaith
Interfaith_1966_C26.txt,1966,Interfaith
Interfaith_1966_C27.txt,1966,Interfaith
Interfaith_1966_C28.txt,1966,Interfaith
Interfaith_1966_C29.txt,1966,Interfaith
Interfaith_1966_C30.txt,1966,Interfaith
Interfaith_1966_C31.txt,1966,Interfaith
Interfaith_1966_C32.txt,1966,Interfaith
Interfaith_1966_C33.txt,1966,Interfaith
Interfaith_1966_C34.txt,1966,Interfaith
Interfaith_1966_C35.txt,1966,Interfaith
Interfaith_1966_C36.txt,1966,Interfaith
Interfaith_1966_C37.txt,1966,Interfaith
Interfaith_1966_C38.txt,1966,Interfaith
Interfaith_1966_C39.txt,1966,Interfaith
Interfaith_1966_C40.txt,1966,Interfaith
Interfaith_1966_C41.txt,1966,Interfaith
Interfaith_1966_C42.txt,1966,Interfaith
Interfaith_1966_C43.txt,1966,Interfaith
Interfaith_1966_C44.txt,1966,Interfaith
Interfaith_1966_C45.txt,1966,Interfaith
Interfaith_1966_C46.txt,1966,Interfaith
Catholicism_1966_C0.txt,1966,Catholicism
Catholicism_1966_C1.txt,1966,Catholicism
Catholicism_1966_C2.txt,1966,Catholicism
Catholicism_1966_C3.txt,1966,Catholicism
Catholicism_1966_C4.txt,1966,Catholicism
Catholicism_1966_C5.txt,1966,Catholicism
Catholicism_1966_C6.txt,1966,Catholicism
Catholicism_1966_C7.txt,1966,Catholicism
Catholicism_1966_C8.txt,1966,Catholicism
Catholicism_1966_C9.txt,1966,Catholicism
Catholicism_1966_C10.txt,1966,Catholicism
Catholicism_1966_C11.txt,1966,Catholicism
Catholicism_1966_C12.txt,1966,Catholicism
Islam_1966_C0.txt,1966,Islam
Islam_1966_C1.txt,1966,Islam
Buddhism_1966_C0.txt,1966,Buddhism
Buddhism_1966_C1.txt,1966,Buddhism
Buddhism_1966_C2.txt,1966,Buddhism
Buddhism_1966_C3.txt,1966,Buddhism
Buddhism_1966_C4.txt,1966,Buddhism
Judaism_1966_C0.txt,1966,Judaism
Judaism_1966_C1.txt,1966,Judaism
Judaism_1966_C2.txt,1966,Judaism
Judaism_1966_C3.txt,1966,Judaism
Judaism_1966_C4.txt,1966,Judaism
Judaism_1966_C5.txt,1966,Judaism
Judaism_1966_C6.txt,1966,Judaism
Judaism_1966_C7.txt,1966,Judaism
Judaism_1966_C8.txt,1966,Judaism
Judaism_1966_C9.txt,1966,Judaism
Judaism_1966_C10.txt,1966,Judaism
Judaism_1966_C11.txt,1966,Judaism
Judaism_1966_C12.txt,1966,Judaism
Judaism_1966_C13.txt,1966,Judaism
Judaism_1966_C14.txt,1966,Judaism
Judaism_1966_C15.txt,1966,Judaism
Judaism_1966_C16.txt,1966,Judaism
Judaism_1966_C17.txt,1966,Judaism
Judaism_1966_C18.txt,1966,Judaism
Judaism_1966_C19.txt,1966,Judaism
Judaism_1966_C20.txt,1966,Judaism
Judaism_1966_C21.txt,1966,Judaism
Judaism_1966_C22.txt,1966,Judaism
Judaism_1966_C23.txt,1966,Judaism
Judaism_1966_C24.txt,1966,Judaism
Hinduism_1966_C0.txt,1966,Hinduism
Catholicism_1925_C0.txt,1925,Catholicism
Catholicism_1925_C1.txt,1925,Catholicism
Catholicism_1925_C2.txt,1925,Catholicism
Catholicism_1925_C3.txt,1925,Catholicism
Judaism_1925_C0.txt,1925,Judaism
Judaism_1925_C1.txt,1925,Judaism
Judaism_1925_C2.txt,1925,Judaism
Judaism_1925_C3.txt,1925,Judaism
Judaism_1925_C4.txt,1925,Judaism
Judaism_1925_C5.txt,1925,Judaism
Judaism_1925_C6.txt,1925,Judaism
Judaism_1925_C7.txt,1925,Judaism
Judaism_1925_C8.txt,1925,Judaism
Hinduism_1925_C0.txt,1925,Hinduism
Hinduism_1925_C1.txt,1925,Hinduism
Hinduism_1925_C2.txt,1925,Hinduism
Hinduism_1925_C3.txt,1925,Hinduism
Hinduism_1925_C4.txt,1925,Hinduism
Hinduism_1925_C5.txt,1925,Hinduism
Catholicism_1951_C0.txt,1951,Catholicism
Catholicism_1951_C1.txt,1951,Catholicism
Catholicism_1951_C2.txt,1951,Catholicism
Catholicism_1951_C3.txt,1951,Catholicism
Catholicism_1951_C4.txt,1951,Catholicism
Catholicism_1951_C5.txt,1951,Catholicism
Catholicism_1951_C6.txt,1951,Catholicism
Catholicism_1951_C7.txt,1951,Catholicism
Catholicism_1951_C8.txt,1951,Catholicism
Catholicism_1951_C9.txt,1951,Catholicism
Catholicism_1951_C10.txt,1951,Catholicism
Catholicism_1951_C11.txt,1951,Catholicism
Catholicism_1951_C12.txt,1951,Catholicism
Catholicism_1951_C13.txt,1951,Catholicism
Catholicism_1951_C14.txt,1951,Catholicism
Catholicism_1951_C15.txt,1951,Catholicism
Catholicism_1951_C16.txt,1951,Catholicism
Judaism_1951_C0.txt,1951,Judaism
Judaism_1951_C1.txt,1951,Judaism
Judaism_1951_C2.txt,1951,Judaism
Judaism_1951_C3.txt,1951,Judaism
Judaism_1951_C4.txt,1951,Judaism
Judaism_1951_C5.txt,1951,Judaism
Hinduism_1951_C0.txt,1951,Hinduism
Hinduism_1951_C1.txt,1951,Hinduism
Hinduism_1951_C2.txt,1951,Hinduism
Hinduism_1951_C3.txt,1951,Hinduism
Hinduism_1951_C4.txt,1951,Hinduism
Hinduism_1951_C5.txt,1951,Hinduism
Hinduism_1951_C6.txt,1951,Hinduism
Hinduism_1951_C7.txt,1951,Hinduism
Islam_1951_C0.txt,1951,Islam
Islam_1951_C1.txt,1951,Islam
Islam_1951_C2.txt,1951,Islam
Islam_1951_C3.txt,1951,Islam
Islam_1951_C4.txt,1951,Islam
Islam_1951_C5.txt,1951,Islam
Islam_1951_C6.txt,1951,Islam
Islam_1951_C7.txt,1951,Islam
Confucianism_1951_C0.txt,1951,Confucianism
Interfaith_1965_C0.txt,1965,Interfaith
Interfaith_1965_C1.txt,1965,Interfaith
Interfaith_1965_C2.txt,1965,Interfaith
Interfaith_1965_C3.txt,1965,Interfaith
Interfaith_1965_C4.txt,1965,Interfaith
Interfaith_1965_C5.txt,1965,Interfaith
Interfaith_1965_C6.txt,1965,Interfaith
Interfaith_1965_C7.txt,1965,Interfaith
Interfaith_1965_C8.txt,1965,Interfaith
Interfaith_1965_C9.txt,1965,Interfaith
Interfaith_1965_C10.txt,1965,Interfaith
Interfaith_1965_C11.txt,1965,Interfaith
Interfaith_1965_C12.txt,1965,Interfaith
Interfaith_1965_C13.txt,1965,Interfaith
Interfaith_1965_C14.txt,1965,Interfaith
Interfaith_1965_C15.txt,1965,Interfaith
Interfaith_1965_C16.txt,1965,Interfaith
Interfaith_1965_C17.txt,1965,Interfaith
Interfaith_1965_C18.txt,1965,Interfaith
Interfaith_1965_C19.txt,1965,Interfaith
Interfaith_1965_C20.txt,1965,Interfaith
Interfaith_1965_C21.txt,1965,Interfaith
Interfaith_1965_C22.txt,1965,Interfaith
Interfaith_1965_C23.txt,1965,Interfaith
Interfaith_1965_C24.txt,1965,Interfaith
Interfaith_1965_C25.txt,1965,Interfaith
Interfaith_1965_C26.txt,1965,Interfaith
Interfaith_1965_C27.txt,1965,Interfaith
Interfaith_1965_C28.txt,1965,Interfaith
Interfaith_1965_C29.txt,1965,Interfaith
Interfaith_1965_C30.txt,1965,Interfaith
Interfaith_1965_C31.txt,1965,Interfaith
Interfaith_1965_C32.txt,1965,Interfaith
Interfaith_1965_C33.txt,1965,Interfaith
Interfaith_1965_C34.txt,1965,Interfaith
Interfaith_1965_C35.txt,1965,Interfaith
Interfaith_1965_C36.txt,1965,Interfaith
Interfaith_1965_C37.txt,1965,Interfaith
Interfaith_1965_C38.txt,1965,Interfaith
Interfaith_1965_C39.txt,1965,Interfaith
Interfaith_1965_C40.txt,1965,Interfaith
Interfaith_1965_C41.txt,1965,Interfaith
Interfaith_1965_C42.txt,1965,Interfaith
Interfaith_1965_C43.txt,1965,Interfaith
Interfaith_1965_C44.txt,1965,Interfaith
Interfaith_1965_C45.txt,1965,Interfaith
Interfaith_1965_C46.txt,1965,Interfaith
Interfaith_1965_C47.txt,1965,Interfaith
Islam_1965_C0.txt,1965,Islam
Islam_1965_C1.txt,1965,Islam
Judaism_1965_C0.txt,1965,Judaism
Judaism_1965_C1.txt,1965,Judaism
Judaism_1965_C2.txt,1965,Judaism
Judaism_1965_C3.txt,1965,Judaism
Judaism_1965_C4.txt,1965,Judaism
Judaism_1965_C5.txt,1965,Judaism
Buddhism_1965_C0.txt,1965,Buddhism
Buddhism_1965_C1.txt,1965,Buddhism
Buddhism_1965_C2.txt,1965,Buddhism
Buddhism_1965_C3.txt,1965,Buddhism
Buddhism_1965_C4.txt,1965,Buddhism
Hinduism_1965_C0.txt,1965,Hinduism
Hinduism_1965_C1.txt,1965,Hinduism
Catholicism_1965_C0.txt,1965,Catholicism
Catholicism_1965_C1.txt,1965,Catholicism
Catholicism_1965_C2.txt,1965,Catholicism
Judaism_1916_C0.txt,1916,Judaism
Judaism_1916_C1.txt,1916,Judaism
Judaism_1916_C2.txt,1916,Judaism
Judaism_1916_C3.txt,1916,Judaism
Judaism_1916_C4.txt,1916,Judaism
Judaism_1916_C5.txt,1916,Judaism
Judaism_1916_C6.txt,1916,Judaism
Judaism_1916_C7.txt,1916,Judaism
Catholicism_1916_C0.txt,1916,Catholicism
Catholicism_1943_C0.txt,1943,Catholicism
Catholicism_1943_C1.txt,1943,Catholicism
Catholicism_1943_C2.txt,1943,Catholicism
Catholicism_1943_C3.txt,1943,Catholicism
Catholicism_1943_C4.txt,1943,Catholicism
Catholicism_1943_C5.txt,1943,Catholicism
Catholicism_1943_C6.txt,1943,Catholicism
Catholicism_1943_C7.txt,1943,Catholicism
Catholicism_1943_C8.txt,1943,Catholicism
Catholicism_1943_C9.txt,1943,Catholicism
Judaism_1943_C0.txt,1943,Judaism
Judaism_1943_C1.txt,1943,Judaism
Judaism_1943_C2.txt,1943,Judaism
Judaism_1943_C3.txt,1943,Judaism
Judaism_1943_C4.txt,1943,Judaism
Judaism_1943_C5.txt,1943,Judaism
Hinduism_1943_C0.txt,1943,Hinduism
Hinduism_1943_C1.txt,1943,Hinduism
Hinduism_1943_C2.txt,1943,Hinduism
Islam_1943_C0.txt,1943,Islam
Islam_1943_C1.txt,1943,Islam
Islam_1943_C2.txt,1943,Islam
Confucianism_1943_C0.txt,1943,Confucianism
Confucianism_1943_C1.txt,1943,Confucianism
Confucianism_1943_C2.txt,1943,Confucianism
Confucianism_1943_C3.txt,1943,Confucianism
Confucianism_1943_C4.txt,1943,Confucianism
Confucianism_1943_C5.txt,1943,Confucianism
Confucianism_1943_C6.txt,1943,Confucianism
Confucianism_1943_C7.txt,1943,Confucianism
Confucianism_1943_C8.txt,1943,Confucianism
Confucianism_1943_C9.txt,1943,Confucianism
Confucianism_1943_C10.txt,1943,Confucianism
Confucianism_1943_C11.txt,1943,Confucianism
Confucianism_1943_C12.txt,1943,Confucianism
Buddhism_1943_C0.txt,1943,Buddhism
Buddhism_1943_C1.txt,1943,Buddhism
Buddhism_1943_C2.txt,1943,Buddhism
Buddhism_1943_C3.txt,1943,Buddhism
Buddhism_1943_C4.txt,1943,Buddhism
Buddhism_1943_C5.txt,1943,Buddhism
Buddhism_1943_C6.txt,1943,Buddhism
Buddhism_1943_C7.txt,1943,Buddhism
Buddhism_1943_C8.txt,1943,Buddhism
Buddhism_1943_C9.txt,1943,Buddhism
Buddhism_1943_C10.txt,1943,Buddhism
Taoism_1943_C0.txt,1943,Taoism
Taoism_1943_C1.txt,1943,Taoism
Taoism_1943_C2.txt,1943,Taoism
Taoism_1943_C3.txt,1943,Taoism
Taoism_1943_C4.txt,1943,Taoism
Hinduism_1920_C0.txt,1920,Hinduism
Hinduism_1920_C1.txt,1920,Hinduism
Hinduism_1920_C2.txt,1920,Hinduism
Catholicism_1920_C0.txt,1920,Catholicism
Judaism_1920_C0.txt,1920,Judaism
Judaism_1920_C1.txt,1920,Judaism
Judaism_1920_C2.txt,1920,Judaism
Judaism_1920_C3.txt,1920,Judaism
Judaism_1920_C4.txt,1920,Judaism
Judaism_1920_C5.txt,1920,Judaism
Judaism_1920_C6.txt,1920,Judaism
Judaism_1920_C7.txt,1920,Judaism
Buddhism_1920_C0.txt,1920,Buddhism
Confucianism_1920_C0.txt,1920,Confucianism
Taoism_1920_C0.txt,1920,Taoism
Judaism_1938_C0.txt,1938,Judaism
Judaism_1938_C1.txt,1938,Judaism
Judaism_1938_C2.txt,1938,Judaism
Judaism_1938_C3.txt,1938,Judaism
Judaism_1938_C4.txt,1938,Judaism
Judaism_1938_C5.txt,1938,Judaism
Judaism_1938_C6.txt,1938,Judaism
Judaism_1938_C7.txt,1938,Judaism
Judaism_1938_C8.txt,1938,Judaism
Judaism_1938_C9.txt,1938,Judaism
Judaism_1938_C10.txt,1938,Judaism
Judaism_1938_C11.txt,1938,Judaism
Judaism_1938_C12.txt,1938,Judaism
Judaism_1938_C13.txt,1938,Judaism
Judaism_1938_C14.txt,1938,Judaism
Judaism_1938_C15.txt,1938,Judaism
Judaism_1938_C16.txt,1938,Judaism
Judaism_1938_C17.txt,1938,Judaism
Judaism_1938_C18.txt,1938,Judaism
Judaism_1938_C19.txt,1938,Judaism
Judaism_1938_C20.txt,1938,Judaism
Judaism_1938_C21.txt,1938,Judaism
Judaism_1938_C22.txt,1938,Judaism
Buddhism_1938_C0.txt,1938,Buddhism
Buddhism_1938_C1.txt,1938,Buddhism
Buddhism_1938_C2.txt,1938,Buddhism
Buddhism_1938_C3.txt,1938,Buddhism
Catholicism_1938_C0.txt,1938,Catholicism
Catholicism_1938_C1.txt,1938,Catholicism
Catholicism_1938_C2.txt,1938,Catholicism
Catholicism_1938_C3.txt,1938,Catholicism
Catholicism_1938_C4.txt,1938,Catholicism
Catholicism_1938_C5.txt,1938,Catholicism
Catholicism_1938_C6.txt,1938,Catholicism
Catholicism_1938_C7.txt,1938,Catholicism
Catholicism_1938_C8.txt,1938,Catholicism
Catholicism_1938_C9.txt,1938,Catholicism
Catholicism_1938_C10.txt,1938,Catholicism
Hinduism_1938_C0.txt,1938,Hinduism
Hinduism_1938_C1.txt,1938,Hinduism
Hinduism_1938_C2.txt,1938,Hinduism
Hinduism_1938_C3.txt,1938,Hinduism
Hinduism_1938_C4.txt,1938,Hinduism
Hinduism_1938_C5.txt,1938,Hinduism
Hinduism_1938_C6.txt,1938,Hinduism
Hinduism_1938_C7.txt,1938,Hinduism
Hinduism_1938_C8.txt,1938,Hinduism
Hinduism_1938_C9.txt,1938,Hinduism
Hinduism_1938_C10.txt,1938,Hinduism
Islam_1938_C0.txt,1938,Islam
Judaism_1935_C0.txt,1935,Judaism
Judaism_1935_C1.txt,1935,Judaism
Judaism_1935_C2.txt,1935,Judaism
Judaism_1935_C3.txt,1935,Judaism
Hinduism_1935_C0.txt,1935,Hinduism
Hinduism_1935_C1.txt,1935,Hinduism
Hinduism_1935_C2.txt,1935,Hinduism
Hinduism_1935_C3.txt,1935,Hinduism
Hinduism_1935_C4.txt,1935,Hinduism
Hinduism_1935_C5.txt,1935,Hinduism
Hinduism_1935_C6.txt,1935,Hinduism
Hinduism_1935_C7.txt,1935,Hinduism
Sikhism_1935_C0.txt,1935,Sikhism
Buddhism_1935_C0.txt,1935,Buddhism
Buddhism_1935_C1.txt,1935,Buddhism
Buddhism_1935_C2.txt,1935,Buddhism
Confucianism_1935_C0.txt,1935,Confucianism
Taoism_1935_C0.txt,1935,Taoism
Taoism_1935_C1.txt,1935,Taoism
Catholicism_1935_C0.txt,1935,Catholicism
Interfaith_1963_C0.txt,1963,Interfaith
Interfaith_1963_C1.txt,1963,Interfaith
Interfaith_1963_C2.txt,1963,Interfaith
Interfaith_1963_C3.txt,1963,Interfaith
Interfaith_1963_C4.txt,1963,Interfaith
Interfaith_1963_C5.txt,1963,Interfaith
Interfaith_1963_C6.txt,1963,Interfaith
Interfaith_1963_C7.txt,1963,Interfaith
Interfaith_1963_C8.txt,1963,Interfaith
Interfaith_1963_C9.txt,1963,Interfaith
Interfaith_1963_C10.txt,1963,Interfaith
Interfaith_1963_C11.txt,1963,Interfaith
Interfaith_1963_C12.txt,1963,Interfaith
Interfaith_1963_C13.txt,1963,Interfaith
Interfaith_1963_C14.txt,1963,Interfaith
Interfaith_1963_C15.txt,1963,Interfaith
Interfaith_1963_C16.txt,1963,Interfaith
Interfaith_1963_C17.txt,1963,Interfaith
Interfaith_1963_C18.txt,1963,Interfaith
Interfaith_1963_C19.txt,1963,Interfaith
Interfaith_1963_C20.txt,1963,Interfaith
Interfaith_1963_C21.txt,1963,Interfaith
Interfaith_1963_C22.txt,1963,Interfaith
Interfaith_1963_C23.txt,1963,Interfaith
Interfaith_1963_C24.txt,1963,Interfaith
Interfaith_1963_C25.txt,1963,Interfaith
Interfaith_1963_C26.txt,1963,Interfaith
Interfaith_1963_C27.txt,1963,Interfaith
Interfaith_1963_C28.txt,1963,Interfaith
Interfaith_1963_C29.txt,1963,Interfaith
Interfaith_1963_C30.txt,1963,Interfaith
Interfaith_1963_C31.txt,1963,Interfaith
Interfaith_1963_C32.txt,1963,Interfaith
Interfaith_1963_C33.txt,1963,Interfaith
Interfaith_1963_C34.txt,1963,Interfaith
Interfaith_1963_C35.txt,1963,Interfaith
Interfaith_1963_C36.txt,1963,Interfaith
Interfaith_1963_C37.txt,1963,Interfaith
Interfaith_1963_C38.txt,1963,Interfaith
Interfaith_1963_C39.txt,1963,Interfaith
Interfaith_1963_C40.txt,1963,Interfaith
Interfaith_1963_C41.txt,1963,Interfaith
Interfaith_1963_C42.txt,1963,Interfaith
Interfaith_1963_C43.txt,1963,Interfaith
Interfaith_1963_C44.txt,1963,Interfaith
Interfaith_1963_C45.txt,1963,Interfaith
Interfaith_1963_C46.txt,1963,Interfaith
Interfaith_1963_C47.txt,1963,Interfaith
Interfaith_1963_C48.txt,1963,Interfaith
Interfaith_1963_C49.txt,1963,Interfaith
Interfaith_1963_C50.txt,1963,Interfaith
Interfaith_1963_C51.txt,1963,Interfaith
Interfaith_1963_C52.txt,1963,Interfaith
Interfaith_1963_C53.txt,1963,Interfaith
Interfaith_1963_C54.txt,1963,Interfaith
Interfaith_1963_C55.txt,1963,Interfaith
Interfaith_1963_C56.txt,1963,Interfaith
Interfaith_1963_C57.txt,1963,Interfaith
Interfaith_1963_C58.txt,1963,Interfaith
Interfaith_1963_C59.txt,1963,Interfaith
Interfaith_1963_C60.txt,1963,Interfaith
Interfaith_1963_C61.txt,1963,Interfaith
Buddhism_1963_C0.txt,1963,Buddhism
Buddhism_1963_C1.txt,1963,Buddhism
Buddhism_1963_C2.txt,1963,Buddhism
Buddhism_1963_C3.txt,1963,Buddhism
Buddhism_1963_C4.txt,1963,Buddhism
Buddhism_1963_C5.txt,1963,Buddhism
Buddhism_1963_C6.txt,1963,Buddhism
Buddhism_1963_C7.txt,1963,Buddhism
Buddhism_1963_C8.txt,1963,Buddhism
Buddhism_1963_C9.txt,1963,Buddhism
Buddhism_1963_C10.txt,1963,Buddhism
Buddhism_1963_C11.txt,1963,Buddhism
Buddhism_1963_C12.txt,1963,Buddhism
Buddhism_1963_C13.txt,1963,Buddhism
Buddhism_1963_C14.txt,1963,Buddhism
Hinduism_1963_C0.txt,1963,Hinduism
Hinduism_1963_C1.txt,1963,Hinduism
Hinduism_1963_C2.txt,1963,Hinduism
Hinduism_1963_C3.txt,1963,Hinduism
Islam_1963_C0.txt,1963,Islam
Islam_1963_C1.txt,1963,Islam
Islam_1963_C2.txt,1963,Islam
Islam_1963_C3.txt,1963,Islam
Islam_1963_C4.txt,1963,Islam
Islam_1963_C5.txt,1963,Islam
Islam_1963_C6.txt,1963,Islam
Islam_1963_C7.txt,1963,Islam
Islam_1963_C8.txt,1963,Islam
Islam_1963_C9.txt,1963,Islam
Islam_1963_C10.txt,1963,Islam
Islam_1963_C11.txt,1963,Islam
Islam_1963_C12.txt,1963,Islam
Islam_1963_C13.txt,1963,Islam
Islam_1963_C14.txt,1963,Islam
Islam_1963_C15.txt,1963,Islam
Islam_1963_C16.txt,1963,Islam
Islam_1963_C17.txt,1963,Islam
Islam_1963_C18.txt,1963,Islam
Islam_1963_C19.txt,1963,Islam
Islam_1963_C20.txt,1963,Islam
Islam_1963_C21.txt,1963,Islam
Islam_1963_C22.txt,1963,Islam
Islam_1963_C23.txt,1963,Islam
Islam_1963_C24.txt,1963,Islam
Islam_1963_C25.txt,1963,Islam
Islam_1963_C26.txt,1963,Islam
Islam_1963_C27.txt,1963,Islam
Islam_1963_C28.txt,1963,Islam
Islam_1963_C29.txt,1963,Islam
Islam_1963_C30.txt,1963,Islam
Islam_1963_C31.txt,1963,Islam
Islam_1963_C32.txt,1963,Islam
Islam_1963_C33.txt,1963,Islam
Islam_1963_C34.txt,1963,Islam
Islam_1963_C35.txt,1963,Islam
Islam_1963_C36.txt,1963,Islam
Judaism_1963_C0.txt,1963,Judaism
Judaism_1963_C1.txt,1963,Judaism
Judaism_1963_C2.txt,1963,Judaism
Judaism_1963_C3.txt,1963,Judaism
Judaism_1963_C4.txt,1963,Judaism
Judaism_1963_C5.txt,1963,Judaism
Judaism_1963_C6.txt,1963,Judaism
Judaism_1963_C7.txt,1963,Judaism
Judaism_1963_C8.txt,1963,Judaism
Judaism_1963_C9.txt,1963,Judaism
Catholicism_1963_C0.txt,1963,Catholicism
Catholicism_1963_C1.txt,1963,Catholicism
Catholicism_1968_C0.txt,1968,Catholicism
Catholicism_1968_C1.txt,1968,Catholicism
Catholicism_1968_C2.txt,1968,Catholicism
Catholicism_1968_C3.txt,1968,Catholicism
Catholicism_1968_C4.txt,1968,Catholicism
Catholicism_1968_C5.txt,1968,Catholicism
Catholicism_1968_C6.txt,1968,Catholicism
Catholicism_1968_C7.txt,1968,Catholicism
Catholicism_1968_C8.txt,1968,Catholicism
Interfaith_1968_C0.txt,1968,Interfaith
Interfaith_1968_C1.txt,1968,Interfaith
Interfaith_1968_C2.txt,1968,Interfaith
Interfaith_1968_C3.txt,1968,Interfaith
Interfaith_1968_C4.txt,1968,Interfaith
Interfaith_1968_C5.txt,1968,Interfaith
Interfaith_1968_C6.txt,1968,Interfaith
Interfaith_1968_C7.txt,1968,Interfaith
Interfaith_1968_C8.txt,1968,Interfaith
Interfaith_1968_C9.txt,1968,Interfaith
Interfaith_1968_C10.txt,1968,Interfaith
Interfaith_1968_C11.txt,1968,Interfaith
Interfaith_1968_C12.txt,1968,Interfaith
Interfaith_1968_C13.txt,1968,Interfaith
Interfaith_1968_C14.txt,1968,Interfaith
Interfaith_1968_C15.txt,1968,Interfaith
Interfaith_1968_C16.txt,1968,Interfaith
Interfaith_1968_C17.txt,1968,Interfaith
Interfaith_1968_C18.txt,1968,Interfaith
Interfaith_1968_C19.txt,1968,Interfaith
Interfaith_1968_C20.txt,1968,Interfaith
Interfaith_1968_C21.txt,1968,Interfaith
Interfaith_1968_C22.txt,1968,Interfaith
Interfaith_1968_C23.txt,1968,Interfaith
Interfaith_1968_C24.txt,1968,Interfaith
Interfaith_1968_C25.txt,1968,Interfaith
Interfaith_1968_C26.txt,1968,Interfaith
Interfaith_1968_C27.txt,1968,Interfaith
Interfaith_1968_C28.txt,1968,Interfaith
Interfaith_1968_C29.txt,1968,Interfaith
Interfaith_1968_C30.txt,1968,Interfaith
Interfaith_1968_C31.txt,1968,Interfaith
Interfaith_1968_C32.txt,1968,Interfaith
Interfaith_1968_C33.txt,1968,Interfaith
Interfaith_1968_C34.txt,1968,Interfaith
Interfaith_1968_C35.txt,1968,Interfaith
Interfaith_1968_C36.txt,1968,Interfaith
Interfaith_1968_C37.txt,1968,Interfaith
Interfaith_1968_C38.txt,1968,Interfaith
Interfaith_1968_C39.txt,1968,Interfaith
Judaism_1968_C0.txt,1968,Judaism
Judaism_1968_C1.txt,1968,Judaism
Judaism_1968_C2.txt,1968,Judaism
Judaism_1968_C3.txt,1968,Judaism
Judaism_1968_C4.txt,1968,Judaism
Judaism_1968_C5.txt,1968,Judaism
Judaism_1968_C6.txt,1968,Judaism
Judaism_1968_C7.txt,1968,Judaism
Judaism_1968_C8.txt,1968,Judaism
Judaism_1968_C9.txt,1968,Judaism
Judaism_1968_C10.txt,1968,Judaism
Judaism_1968_C11.txt,1968,Judaism
Judaism_1968_C12.txt,1968,Judaism
Judaism_1968_C13.txt,1968,Judaism
Judaism_1968_C14.txt,1968,Judaism
Judaism_1968_C15.txt,1968,Judaism
Judaism_1968_C16.txt,1968,Judaism
Judaism_1968_C17.txt,1968,Judaism
Judaism_1968_C18.txt,1968,Judaism
Judaism_1968_C19.txt,1968,Judaism
Judaism_1968_C20.txt,1968,Judaism
Judaism_1968_C21.txt,1968,Judaism
Islam_1968_C0.txt,1968,Islam
Islam_1968_C1.txt,1968,Islam
Buddhism_1968_C0.txt,1968,Buddhism
Buddhism_1968_C1.txt,1968,Buddhism
Buddhism_1968_C2.txt,1968,Buddhism
Buddhism_1968_C3.txt,1968,Buddhism
Buddhism_1968_C4.txt,1968,Buddhism
Buddhism_1968_C5.txt,1968,Buddhism
Buddhism_1968_C6.txt,1968,Buddhism
Hinduism_1968_C0.txt,1968,Hinduism
Hinduism_1968_C1.txt,1968,Hinduism
Judaism_1923_C0.txt,1923,Judaism
Judaism_1923_C1.txt,1923,Judaism
Judaism_1923_C2.txt,1923,Judaism
Judaism_1923_C3.txt,1923,Judaism
Judaism_1923_C4.txt,1923,Judaism
Judaism_1923_C5.txt,1923,Judaism
Judaism_1923_C6.txt,1923,Judaism
Judaism_1923_C7.txt,1923,Judaism
Judaism_1923_C8.txt,1923,Judaism
Judaism_1923_C9.txt,1923,Judaism
Judaism_1923_C10.txt,1923,Judaism
Judaism_1923_C11.txt,1923,Judaism
Judaism_1923_C12.txt,1923,Judaism
Judaism_1923_C13.txt,1923,Judaism
Judaism_1923_C14.txt,1923,Judaism
Judaism_1923_C15.txt,1923,Judaism
Judaism_1923_C16.txt,1923,Judaism
Judaism_1923_C17.txt,1923,Judaism
Judaism_1923_C18.txt,1923,Judaism
Judaism_1923_C19.txt,1923,Judaism
Judaism_1923_C20.txt,1923,Judaism
Judaism_1923_C21.txt,1923,Judaism
Judaism_1923_C22.txt,1923,Judaism
Judaism_1923_C23.txt,1923,Judaism
Judaism_1923_C24.txt,1923,Judaism
Judaism_1923_C25.txt,1923,Judaism
Judaism_1923_C26.txt,1923,Judaism
Judaism_1923_C27.txt,1923,Judaism
Judaism_1923_C28.txt,1923,Judaism
Judaism_1923_C29.txt,1923,Judaism
Catholicism_1923_C0.txt,1923,Catholicism
Catholicism_1923_C1.txt,1923,Catholicism
Catholicism_1923_C2.txt,1923,Catholicism
Catholicism_1923_C3.txt,1923,Catholicism
Catholicism_1923_C4.txt,1923,Catholicism
Catholicism_1923_C5.txt,1923,Catholicism
Catholicism_1923_C6.txt,1923,Catholicism
Catholicism_1923_C7.txt,1923,Catholicism
Catholicism_1923_C8.txt,1923,Catholicism
Catholicism_1923_C9.txt,1923,Catholicism
Islam_1923_C0.txt,1923,Islam
Islam_1923_C1.txt,1923,Islam
Islam_1923_C2.txt,1923,Islam
Islam_1923_C3.txt,1923,Islam
Islam_1923_C4.txt,1923,Islam
Islam_1923_C5.txt,1923,Islam
Islam_1923_C6.txt,1923,Islam
Buddhism_1923_C0.txt,1923,Buddhism
Buddhism_1923_C1.txt,1923,Buddhism
Confucianism_1923_C0.txt,1923,Confucianism
Confucianism_1923_C1.txt,1923,Confucianism
Confucianism_1923_C2.txt,1923,Confucianism
Confucianism_1923_C3.txt,1923,Confucianism
Taoism_1923_C0.txt,1923,Taoism
Buddhism_1933_C0.txt,1933,Buddhism
Buddhism_1933_C1.txt,1933,Buddhism
Catholicism_1933_C0.txt,1933,Catholicism
Catholicism_1933_C1.txt,1933,Catholicism
Catholicism_1933_C2.txt,1933,Catholicism
Catholicism_1933_C3.txt,1933,Catholicism
Catholicism_1933_C4.txt,1933,Catholicism
Catholicism_1933_C5.txt,1933,Catholicism
Catholicism_1933_C6.txt,1933,Catholicism
Judaism_1933_C0.txt,1933,Judaism
Judaism_1933_C1.txt,1933,Judaism
Judaism_1933_C2.txt,1933,Judaism
Judaism_1933_C3.txt,1933,Judaism
Judaism_1933_C4.txt,1933,Judaism
Islam_1933_C0.txt,1933,Islam
Islam_1933_C1.txt,1933,Islam
Hinduism_1933_C0.txt,1933,Hinduism
Catholicism_1952_C0.txt,1952,Catholicism
Catholicism_1952_C1.txt,1952,Catholicism
Catholicism_1952_C2.txt,1952,Catholicism
Catholicism_1952_C3.txt,1952,Catholicism
Catholicism_1952_C4.txt,1952,Catholicism
Catholicism_1952_C5.txt,1952,Catholicism
Catholicism_1952_C6.txt,1952,Catholicism
Catholicism_1952_C7.txt,1952,Catholicism
Catholicism_1952_C8.txt,1952,Catholicism
Catholicism_1952_C9.txt,1952,Catholicism
Catholicism_1952_C10.txt,1952,Catholicism
Catholicism_1952_C11.txt,1952,Catholicism
Catholicism_1952_C12.txt,1952,Catholicism
Catholicism_1952_C13.txt,1952,Catholicism
Catholicism_1952_C14.txt,1952,Catholicism
Catholicism_1952_C15.txt,1952,Catholicism
Catholicism_1952_C16.txt,1952,Catholicism
Judaism_1952_C0.txt,1952,Judaism
Judaism_1952_C1.txt,1952,Judaism
Judaism_1952_C2.txt,1952,Judaism
Judaism_1952_C3.txt,1952,Judaism
Judaism_1952_C4.txt,1952,Judaism
Judaism_1952_C5.txt,1952,Judaism
Judaism_1952_C6.txt,1952,Judaism
Judaism_1952_C7.txt,1952,Judaism
Judaism_1952_C8.txt,1952,Judaism
Judaism_1952_C9.txt,1952,Judaism
Judaism_1952_C10.txt,1952,Judaism
Judaism_1952_C11.txt,1952,Judaism
Judaism_1952_C12.txt,1952,Judaism
Judaism_1952_C13.txt,1952,Judaism
Judaism_1952_C14.txt,1952,Judaism
Judaism_1952_C15.txt,1952,Judaism
Shinto_1952_C0.txt,1952,Shinto
Hinduism_1952_C0.txt,1952,Hinduism
Hinduism_1952_C1.txt,1952,Hinduism
Hinduism_1952_C2.txt,1952,Hinduism
Hinduism_1952_C3.txt,1952,Hinduism
Hinduism_1952_C4.txt,1952,Hinduism
Hinduism_1952_C5.txt,1952,Hinduism
Hinduism_1952_C6.txt,1952,Hinduism
Hinduism_1952_C7.txt,1952,Hinduism
Islam_1952_C0.txt,1952,Islam
Islam_1952_C1.txt,1952,Islam
Islam_1952_C2.txt,1952,Islam
Islam_1952_C3.txt,1952,Islam
Islam_1952_C4.txt,1952,Islam
Islam_1952_C5.txt,1952,Islam
Islam_1952_C6.txt,1952,Islam
Islam_1952_C7.txt,1952,Islam
Islam_1952_C8.txt,1952,Islam
Islam_1952_C9.txt,1952,Islam
Islam_1952_C10.txt,1952,Islam
Islam_1952_C11.txt,1952,Islam
Islam_1952_C12.txt,1952,Islam
Islam_1952_C13.txt,1952,Islam
Islam_1952_C14.txt,1952,Islam
Islam_1952_C15.txt,1952,Islam
Islam_1952_C16.txt,1952,Islam
Islam_1952_C17.txt,1952,Islam
Islam_1952_C18.txt,1952,Islam
Islam_1952_C19.txt,1952,Islam
Islam_1952_C20.txt,1952,Islam
Islam_1952_C21.txt,1952,Islam
Islam_1952_C22.txt,1952,Islam
Judaism_1947_C0.txt,1947,Judaism
Judaism_1947_C1.txt,1947,Judaism
Judaism_1947_C2.txt,1947,Judaism
Judaism_1947_C3.txt,1947,Judaism
Judaism_1947_C4.txt,1947,Judaism
Judaism_1947_C5.txt,1947,Judaism
Judaism_1947_C6.txt,1947,Judaism
Judaism_1947_C7.txt,1947,Judaism
Judaism_1947_C8.txt,1947,Judaism
Judaism_1947_C9.txt,1947,Judaism
Judaism_1947_C10.txt,1947,Judaism
Judaism_1947_C11.txt,1947,Judaism
Judaism_1947_C12.txt,1947,Judaism
Judaism_1947_C13.txt,1947,Judaism
Judaism_1947_C14.txt,1947,Judaism
Judaism_1947_C15.txt,1947,Judaism
Judaism_1947_C16.txt,1947,Judaism
Judaism_1947_C17.txt,1947,Judaism
Judaism_1947_C18.txt,1947,Judaism
Catholicism_1947_C0.txt,1947,Catholicism
Catholicism_1947_C1.txt,1947,Catholicism
Hinduism_1947_C0.txt,1947,Hinduism
Hinduism_1947_C1.txt,1947,Hinduism
Hinduism_1947_C2.txt,1947,Hinduism
Hinduism_1947_C3.txt,1947,Hinduism
Hinduism_1947_C4.txt,1947,Hinduism
Hinduism_1947_C5.txt,1947,Hinduism
Islam_1947_C0.txt,1947,Islam
Islam_1947_C1.txt,1947,Islam
Islam_1947_C2.txt,1947,Islam
Islam_1947_C3.txt,1947,Islam
Islam_1947_C4.txt,1947,Islam
Islam_1947_C5.txt,1947,Islam
Islam_1947_C6.txt,1947,Islam
Islam_1947_C7.txt,1947,Islam
Islam_1947_C8.txt,1947,Islam
Islam_1947_C9.txt,1947,Islam
Islam_1947_C10.txt,1947,Islam
Islam_1947_C11.txt,1947,Islam
Islam_1947_C12.txt,1947,Islam
Islam_1947_C13.txt,1947,Islam
Islam_1947_C14.txt,1947,Islam
Buddhism_1947_C0.txt,1947,Buddhism
Catholicism_1934_C0.txt,1934,Catholicism
Catholicism_1934_C1.txt,1934,Catholicism
Catholicism_1934_C2.txt,1934,Catholicism
Catholicism_1934_C3.txt,1934,Catholicism
Catholicism_1934_C4.txt,1934,Catholicism
Catholicism_1934_C5.txt,1934,Catholicism
Catholicism_1934_C6.txt,1934,Catholicism
Catholicism_1934_C7.txt,1934,Catholicism
Catholicism_1934_C8.txt,1934,Catholicism
Catholicism_1934_C9.txt,1934,Catholicism
Catholicism_1934_C10.txt,1934,Catholicism
Catholicism_1934_C11.txt,1934,Catholicism
Catholicism_1934_C12.txt,1934,Catholicism
Judaism_1934_C0.txt,1934,Judaism
Judaism_1934_C1.txt,1934,Judaism
Judaism_1934_C2.txt,1934,Judaism
Judaism_1934_C3.txt,1934,Judaism
Judaism_1934_C4.txt,1934,Judaism
Judaism_1934_C5.txt,1934,Judaism
Judaism_1934_C6.txt,1934,Judaism
Judaism_1934_C7.txt,1934,Judaism
Judaism_1934_C8.txt,1934,Judaism
Judaism_1934_C9.txt,1934,Judaism
Judaism_1934_C10.txt,1934,Judaism
Judaism_1934_C11.txt,1934,Judaism
Judaism_1934_C12.txt,1934,Judaism
Judaism_1934_C13.txt,1934,Judaism
Judaism_1934_C14.txt,1934,Judaism
Judaism_1934_C15.txt,1934,Judaism
Judaism_1934_C16.txt,1934,Judaism
Islam_1934_C0.txt,1934,Islam
Islam_1934_C1.txt,1934,Islam
Islam_1934_C2.txt,1934,Islam
Buddhism_1934_C0.txt,1934,Buddhism
Islam_1922_C0.txt,1922,Islam
Baha'i_1922_C0.txt,1922,Baha'i
Buddhism_1922_C0.txt,1922,Buddhism
Buddhism_1922_C1.txt,1922,Buddhism
Buddhism_1922_C2.txt,1922,Buddhism
Hinduism_1922_C0.txt,1922,Hinduism
Hinduism_1922_C1.txt,1922,Hinduism
Hinduism_1922_C2.txt,1922,Hinduism
Hinduism_1922_C3.txt,1922,Hinduism
Hinduism_1922_C4.txt,1922,Hinduism
Hinduism_1922_C5.txt,1922,Hinduism
Hinduism_1922_C6.txt,1922,Hinduism
Hinduism_1922_C7.txt,1922,Hinduism
Hinduism_1922_C8.txt,1922,Hinduism
Hinduism_1922_C9.txt,1922,Hinduism
Hinduism_1922_C10.txt,1922,Hinduism
Hinduism_1922_C11.txt,1922,Hinduism
Judaism_1922_C0.txt,1922,Judaism
Judaism_1922_C1.txt,1922,Judaism
Judaism_1922_C2.txt,1922,Judaism
Judaism_1922_C3.txt,1922,Judaism
Judaism_1922_C4.txt,1922,Judaism
Judaism_1922_C5.txt,1922,Judaism
Judaism_1922_C6.txt,1922,Judaism
Catholicism_1922_C0.txt,1922,Catholicism
Catholicism_1922_C1.txt,1922,Catholicism
Catholicism_1922_C2.txt,1922,Catholicism
Interfaith_1959_C0.txt,1959,Interfaith
Interfaith_1959_C1.txt,1959,Interfaith
Interfaith_1959_C2.txt,1959,Interfaith
Interfaith_1959_C3.txt,1959,Interfaith
Interfaith_1959_C4.txt,1959,Interfaith
Interfaith_1959_C5.txt,1959,Interfaith
Interfaith_1959_C6.txt,1959,Interfaith
Interfaith_1959_C7.txt,1959,Interfaith
Interfaith_1959_C8.txt,1959,Interfaith
Interfaith_1959_C9.txt,1959,Interfaith
Interfaith_1959_C10.txt,1959,Interfaith
Interfaith_1959_C11.txt,1959,Interfaith
Interfaith_1959_C12.txt,1959,Interfaith
Interfaith_1959_C13.txt,1959,Interfaith
Interfaith_1959_C14.txt,1959,Interfaith
Interfaith_1959_C15.txt,1959,Interfaith
Interfaith_1959_C16.txt,1959,Interfaith
Interfaith_1959_C17.txt,1959,Interfaith
Interfaith_1959_C18.txt,1959,Interfaith
Interfaith_1959_C19.txt,1959,Interfaith
Interfaith_1959_C20.txt,1959,Interfaith
Interfaith_1959_C21.txt,1959,Interfaith
Interfaith_1959_C22.txt,1959,Interfaith
Interfaith_1959_C23.txt,1959,Interfaith
Interfaith_1959_C24.txt,1959,Interfaith
Interfaith_1959_C25.txt,1959,Interfaith
Interfaith_1959_C26.txt,1959,Interfaith
Interfaith_1959_C27.txt,1959,Interfaith
Interfaith_1959_C28.txt,1959,Interfaith
Interfaith_1959_C29.txt,1959,Interfaith
Interfaith_1959_C30.txt,1959,Interfaith
Interfaith_1959_C31.txt,1959,Interfaith
Interfaith_1959_C32.txt,1959,Interfaith
Interfaith_1959_C33.txt,1959,Interfaith
Interfaith_1959_C34.txt,1959,Interfaith
Interfaith_1959_C35.txt,1959,Interfaith
Interfaith_1959_C36.txt,1959,Interfaith
Interfaith_1959_C37.txt,1959,Interfaith
Interfaith_1959_C38.txt,1959,Interfaith
Interfaith_1959_C39.txt,1959,Interfaith
Interfaith_1959_C40.txt,1959,Interfaith
Interfaith_1959_C41.txt,1959,Interfaith
Interfaith_1959_C42.txt,1959,Interfaith
Interfaith_1959_C43.txt,1959,Interfaith
Interfaith_1959_C44.txt,1959,Interfaith
Interfaith_1959_C45.txt,1959,Interfaith
Interfaith_1959_C46.txt,1959,Interfaith
Interfaith_1959_C47.txt,1959,Interfaith
Interfaith_1959_C48.txt,1959,Interfaith
Interfaith_1959_C49.txt,1959,Interfaith
Interfaith_1959_C50.txt,1959,Interfaith
Interfaith_1959_C51.txt,1959,Interfaith
Interfaith_1959_C52.txt,1959,Interfaith
Interfaith_1959_C53.txt,1959,Interfaith
Interfaith_1959_C54.txt,1959,Interfaith
Interfaith_1959_C55.txt,1959,Interfaith
Interfaith_1959_C56.txt,1959,Interfaith
Interfaith_1959_C57.txt,1959,Interfaith
Interfaith_1959_C58.txt,1959,Interfaith
Interfaith_1959_C59.txt,1959,Interfaith
Interfaith_1959_C60.txt,1959,Interfaith
Interfaith_1959_C61.txt,1959,Interfaith
Interfaith_1959_C62.txt,1959,Interfaith
Interfaith_1959_C63.txt,1959,Interfaith
Interfaith_1959_C64.txt,1959,Interfaith
Interfaith_1959_C65.txt,1959,Interfaith
Interfaith_1959_C66.txt,1959,Interfaith
Judaism_1959_C0.txt,1959,Judaism
Judaism_1959_C1.txt,1959,Judaism
Judaism_1959_C2.txt,1959,Judaism
Judaism_1959_C3.txt,1959,Judaism
Judaism_1959_C4.txt,1959,Judaism
Judaism_1959_C5.txt,1959,Judaism
Judaism_1959_C6.txt,1959,Judaism
Judaism_1959_C7.txt,1959,Judaism
Judaism_1959_C8.txt,1959,Judaism
Judaism_1959_C9.txt,1959,Judaism
Judaism_1959_C10.txt,1959,Judaism
Buddhism_1959_C0.txt,1959,Buddhism
Buddhism_1959_C1.txt,1959,Buddhism
Buddhism_1959_C2.txt,1959,Buddhism
Buddhism_1959_C3.txt,1959,Buddhism
Buddhism_1959_C4.txt,1959,Buddhism
Buddhism_1959_C5.txt,1959,Buddhism
Buddhism_1959_C6.txt,1959,Buddhism
Buddhism_1959_C7.txt,1959,Buddhism
Catholicism_1959_C0.txt,1959,Catholicism
Catholicism_1959_C1.txt,1959,Catholicism
Catholicism_1959_C2.txt,1959,Catholicism
Catholicism_1959_C3.txt,1959,Catholicism
Catholicism_1959_C4.txt,1959,Catholicism
Catholicism_1959_C5.txt,1959,Catholicism
Catholicism_1959_C6.txt,1959,Catholicism
Catholicism_1959_C7.txt,1959,Catholicism
Catholicism_1959_C8.txt,1959,Catholicism
Catholicism_1959_C9.txt,1959,Catholicism
Catholicism_1959_C10.txt,1959,Catholicism
Catholicism_1959_C11.txt,1959,Catholicism
Catholicism_1959_C12.txt,1959,Catholicism
Catholicism_1959_C13.txt,1959,Catholicism
Catholicism_1959_C14.txt,1959,Catholicism
Catholicism_1959_C15.txt,1959,Catholicism
Catholicism_1959_C16.txt,1959,Catholicism
Catholicism_1959_C17.txt,1959,Catholicism
Catholicism_1959_C18.txt,1959,Catholicism
Catholicism_1945_C0.txt,1945,Catholicism
Catholicism_1945_C1.txt,1945,Catholicism
Catholicism_1945_C2.txt,1945,Catholicism
Catholicism_1945_C3.txt,1945,Catholicism
Catholicism_1945_C4.txt,1945,Catholicism
Islam_1945_C0.txt,1945,Islam
Judaism_1945_C0.txt,1945,Judaism
Judaism_1945_C1.txt,1945,Judaism
Judaism_1945_C2.txt,1945,Judaism
Judaism_1945_C3.txt,1945,Judaism
Judaism_1945_C4.txt,1945,Judaism
Judaism_1945_C5.txt,1945,Judaism
Judaism_1945_C6.txt,1945,Judaism
Judaism_1945_C7.txt,1945,Judaism
Judaism_1945_C8.txt,1945,Judaism
Judaism_1945_C9.txt,1945,Judaism
Buddhism_1919_C0.txt,1919,Buddhism
Confucianism_1919_C0.txt,1919,Confucianism
Confucianism_1919_C1.txt,1919,Confucianism
Judaism_1919_C0.txt,1919,Judaism
Judaism_1919_C1.txt,1919,Judaism
Judaism_1919_C2.txt,1919,Judaism
Judaism_1919_C3.txt,1919,Judaism
Judaism_1919_C4.txt,1919,Judaism
Judaism_1919_C5.txt,1919,Judaism
Judaism_1919_C6.txt,1919,Judaism
Judaism_1919_C7.txt,1919,Judaism
Taoism_1919_C0.txt,1919,Taoism
Catholicism_1919_C0.txt,1919,Catholicism
Catholicism_1919_C1.txt,1919,Catholicism
Catholicism_1919_C2.txt,1919,Catholicism
Islam_1919_C0.txt,1919,Islam
Islam_1919_C1.txt,1919,Islam
Islam_1919_C2.txt,1919,Islam
Islam_1919_C3.txt,1919,Islam
Catholicism_1953_C0.txt,1953,Catholicism
Catholicism_1953_C1.txt,1953,Catholicism
Catholicism_1953_C2.txt,1953,Catholicism
Catholicism_1953_C3.txt,1953,Catholicism
Catholicism_1953_C4.txt,1953,Catholicism
Catholicism_1953_C5.txt,1953,Catholicism
Catholicism_1953_C6.txt,1953,Catholicism
Catholicism_1953_C7.txt,1953,Catholicism
Catholicism_1953_C8.txt,1953,Catholicism
Catholicism_1953_C9.txt,1953,Catholicism
Catholicism_1953_C10.txt,1953,Catholicism
Catholicism_1953_C11.txt,1953,Catholicism
Catholicism_1953_C12.txt,1953,Catholicism
Hinduism_1953_C0.txt,1953,Hinduism
Hinduism_1953_C1.txt,1953,Hinduism
Islam_1953_C0.txt,1953,Islam
Islam_1953_C1.txt,1953,Islam
Islam_1953_C2.txt,1953,Islam
Islam_1953_C3.txt,1953,Islam
Islam_1953_C4.txt,1953,Islam
Islam_1953_C5.txt,1953,Islam
Judaism_1953_C0.txt,1953,Judaism
Judaism_1953_C1.txt,1953,Judaism
Judaism_1953_C2.txt,1953,Judaism
Judaism_1953_C3.txt,1953,Judaism
Judaism_1953_C4.txt,1953,Judaism
Judaism_1953_C5.txt,1953,Judaism
Judaism_1953_C6.txt,1953,Judaism
Judaism_1953_C7.txt,1953,Judaism
Judaism_1953_C8.txt,1953,Judaism
Judaism_1953_C9.txt,1953,Judaism
Judaism_1953_C10.txt,1953,Judaism
Judaism_1953_C11.txt,1953,Judaism
Judaism_1953_C12.txt,1953,Judaism
Judaism_1953_C13.txt,1953,Judaism
Judaism_1953_C14.txt,1953,Judaism
Judaism_1953_C15.txt,1953,Judaism
Judaism_1953_C16.txt,1953,Judaism
Judaism_1953_C17.txt,1953,Judaism
Judaism_1953_C18.txt,1953,Judaism
Judaism_1953_C19.txt,1953,Judaism
Judaism_1953_C20.txt,1953,Judaism
Judaism_1953_C21.txt,1953,Judaism
Judaism_1953_C22.txt,1953,Judaism
Shinto_1953_C0.txt,1953,Shinto
Buddhism_1953_C0.txt,1953,Buddhism
Islam_1936_C0.txt,1936,Islam
Islam_1936_C1.txt,1936,Islam
Islam_1936_C2.txt,1936,Islam
Islam_1936_C3.txt,1936,Islam
Islam_1936_C4.txt,1936,Islam
Hinduism_1936_C0.txt,1936,Hinduism
Catholicism_1936_C0.txt,1936,Catholicism
Catholicism_1936_C1.txt,1936,Catholicism
Catholicism_1936_C2.txt,1936,Catholicism
Catholicism_1936_C3.txt,1936,Catholicism
Catholicism_1936_C4.txt,1936,Catholicism
Catholicism_1936_C5.txt,1936,Catholicism
Catholicism_1936_C6.txt,1936,Catholicism
Catholicism_1936_C7.txt,1936,Catholicism
Catholicism_1936_C8.txt,1936,Catholicism
Catholicism_1936_C9.txt,1936,Catholicism
Catholicism_1936_C10.txt,1936,Catholicism
Catholicism_1936_C11.txt,1936,Catholicism
Judaism_1936_C0.txt,1936,Judaism
Judaism_1936_C1.txt,1936,Judaism
Judaism_1936_C2.txt,1936,Judaism
Judaism_1936_C3.txt,1936,Judaism
Judaism_1936_C4.txt,1936,Judaism
Judaism_1936_C5.txt,1936,Judaism
Judaism_1936_C6.txt,1936,Judaism
Judaism_1936_C7.txt,1936,Judaism
Buddhism_1957_C0.txt,1957,Buddhism
Buddhism_1957_C1.txt,1957,Buddhism
Buddhism_1957_C2.txt,1957,Buddhism
Buddhism_1957_C3.txt,1957,Buddhism
Buddhism_1957_C4.txt,1957,Buddhism
Buddhism_1957_C5.txt,1957,Buddhism
Buddhism_1957_C6.txt,1957,Buddhism
Buddhism_1957_C7.txt,1957,Buddhism
Buddhism_1957_C8.txt,1957,Buddhism
Buddhism_1957_C9.txt,1957,Buddhism
Buddhism_1957_C10.txt,1957,Buddhism
Buddhism_1957_C11.txt,1957,Buddhism
Buddhism_1957_C12.txt,1957,Buddhism
Buddhism_1957_C13.txt,1957,Buddhism
Buddhism_1957_C14.txt,1957,Buddhism
Buddhism_1957_C15.txt,1957,Buddhism
Buddhism_1957_C16.txt,1957,Buddhism
Buddhism_1957_C17.txt,1957,Buddhism
Buddhism_1957_C18.txt,1957,Buddhism
Buddhism_1957_C19.txt,1957,Buddhism
Interfaith_1957_C0.txt,1957,Interfaith
Interfaith_1957_C1.txt,1957,Interfaith
Interfaith_1957_C2.txt,1957,Interfaith
Interfaith_1957_C3.txt,1957,Interfaith
Interfaith_1957_C4.txt,1957,Interfaith
Interfaith_1957_C5.txt,1957,Interfaith
Interfaith_1957_C6.txt,1957,Interfaith
Interfaith_1957_C7.txt,1957,Interfaith
Interfaith_1957_C8.txt,1957,Interfaith
Interfaith_1957_C9.txt,1957,Interfaith
Interfaith_1957_C10.txt,1957,Interfaith
Interfaith_1957_C11.txt,1957,Interfaith
Interfaith_1957_C12.txt,1957,Interfaith
Interfaith_1957_C13.txt,1957,Interfaith
Interfaith_1957_C14.txt,1957,Interfaith
Interfaith_1957_C15.txt,1957,Interfaith
Interfaith_1957_C16.txt,1957,Interfaith
Interfaith_1957_C17.txt,1957,Interfaith
Interfaith_1957_C18.txt,1957,Interfaith
Interfaith_1957_C19.txt,1957,Interfaith
Interfaith_1957_C20.txt,1957,Interfaith
Interfaith_1957_C21.txt,1957,Interfaith
Catholicism_1957_C0.txt,1957,Catholicism
Catholicism_1957_C1.txt,1957,Catholicism
Catholicism_1957_C2.txt,1957,Catholicism
Catholicism_1957_C3.txt,1957,Catholicism
Catholicism_1957_C4.txt,1957,Catholicism
Catholicism_1957_C5.txt,1957,Catholicism
Catholicism_1957_C6.txt,1957,Catholicism
Islam_1957_C0.txt,1957,Islam
Islam_1957_C1.txt,1957,Islam
Islam_1957_C2.txt,1957,Islam
Islam_1957_C3.txt,1957,Islam
Islam_1957_C4.txt,1957,Islam
Islam_1957_C5.txt,1957,Islam
Islam_1957_C6.txt,1957,Islam
Islam_1957_C7.txt,1957,Islam
Judaism_1957_C0.txt,1957,Judaism
Judaism_1957_C1.txt,1957,Judaism
Judaism_1957_C2.txt,1957,Judaism
Judaism_1957_C3.txt,1957,Judaism
Judaism_1957_C4.txt,1957,Judaism
Judaism_1957_C5.txt,1957,Judaism
Judaism_1957_C6.txt,1957,Judaism
Judaism_1957_C7.txt,1957,Judaism
Judaism_1957_C8.txt,1957,Judaism
Judaism_1957_C9.txt,1957,Judaism
Confucianism_1957_C0.txt,1957,Confucianism
Confucianism_1957_C1.txt,1957,Confucianism
Confucianism_1957_C2.txt,1957,Confucianism
Confucianism_1957_C3.txt,1957,Confucianism
Confucianism_1957_C4.txt,1957,Confucianism
Confucianism_1957_C5.txt,1957,Confucianism
Confucianism_1957_C6.txt,1957,Confucianism
Confucianism_1957_C7.txt,1957,Confucianism
Confucianism_1957_C8.txt,1957,Confucianism
Confucianism_1957_C9.txt,1957,Confucianism
Confucianism_1957_C10.txt,1957,Confucianism
Confucianism_1957_C11.txt,1957,Confucianism
Confucianism_1957_C12.txt,1957,Confucianism
Confucianism_1957_C13.txt,1957,Confucianism
Confucianism_1957_C14.txt,1957,Confucianism
Confucianism_1957_C15.txt,1957,Confucianism
Hinduism_1957_C0.txt,1957,Hinduism
Hinduism_1957_C1.txt,1957,Hinduism
Hinduism_1957_C2.txt,1957,Hinduism
Hinduism_1957_C3.txt,1957,Hinduism
Hinduism_1957_C4.txt,1957,Hinduism
Hinduism_1957_C5.txt,1957,Hinduism
Taoism_1957_C0.txt,1957,Taoism
Judaism_1926_C0.txt,1926,Judaism
Judaism_1926_C1.txt,1926,Judaism
Judaism_1926_C2.txt,1926,Judaism
Judaism_1926_C3.txt,1926,Judaism
Judaism_1926_C4.txt,1926,Judaism
Judaism_1926_C5.txt,1926,Judaism
Judaism_1926_C6.txt,1926,Judaism
Judaism_1926_C7.txt,1926,Judaism
Judaism_1926_C8.txt,1926,Judaism
Judaism_1926_C9.txt,1926,Judaism
Judaism_1926_C10.txt,1926,Judaism
Judaism_1926_C11.txt,1926,Judaism
Judaism_1926_C12.txt,1926,Judaism
Judaism_1926_C13.txt,1926,Judaism
Judaism_1926_C14.txt,1926,Judaism
Judaism_1926_C15.txt,1926,Judaism
Catholicism_1926_C0.txt,1926,Catholicism
Catholicism_1926_C1.txt,1926,Catholicism
Catholicism_1926_C2.txt,1926,Catholicism
Catholicism_1926_C3.txt,1926,Catholicism
Catholicism_1926_C4.txt,1926,Catholicism
Catholicism_1926_C5.txt,1926,Catholicism
Catholicism_1926_C6.txt,1926,Catholicism
Catholicism_1926_C7.txt,1926,Catholicism
Catholicism_1926_C8.txt,1926,Catholicism
Catholicism_1926_C9.txt,1926,Catholicism
Hinduism_1926_C0.txt,1926,Hinduism
Islam_1926_C0.txt,1926,Islam
Buddhism_1926_C0.txt,1926,Buddhism
Buddhism_1918_C0.txt,1918,Buddhism
Buddhism_1918_C1.txt,1918,Buddhism
Buddhism_1918_C2.txt,1918,Buddhism
Buddhism_1918_C3.txt,1918,Buddhism
Buddhism_1918_C4.txt,1918,Buddhism
Confucianism_1918_C0.txt,1918,Confucianism
Hinduism_1918_C0.txt,1918,Hinduism
Hinduism_1918_C1.txt,1918,Hinduism
Hinduism_1918_C2.txt,1918,Hinduism
Hinduism_1918_C3.txt,1918,Hinduism
Hinduism_1918_C4.txt,1918,Hinduism
Hinduism_1918_C5.txt,1918,Hinduism
Catholicism_1918_C0.txt,1918,Catholicism
Judaism_1918_C0.txt,1918,Judaism
Islam_1918_C0.txt,1918,Islam
Islam_1918_C1.txt,1918,Islam
Islam_1918_C2.txt,1918,Islam
Catholicism_1967_C0.txt,1967,Catholicism
Catholicism_1967_C1.txt,1967,Catholicism
Catholicism_1967_C2.txt,1967,Catholicism
Catholicism_1967_C3.txt,1967,Catholicism
Catholicism_1967_C4.txt,1967,Catholicism
Catholicism_1967_C5.txt,1967,Catholicism
Catholicism_1967_C6.txt,1967,Catholicism
Interfaith_1967_C0.txt,1967,Interfaith
Interfaith_1967_C1.txt,1967,Interfaith
Interfaith_1967_C2.txt,1967,Interfaith
Interfaith_1967_C3.txt,1967,Interfaith
Interfaith_1967_C4.txt,1967,Interfaith
Interfaith_1967_C5.txt,1967,Interfaith
Interfaith_1967_C6.txt,1967,Interfaith
Interfaith_1967_C7.txt,1967,Interfaith
Interfaith_1967_C8.txt,1967,Interfaith
Interfaith_1967_C9.txt,1967,Interfaith
Interfaith_1967_C10.txt,1967,Interfaith
Interfaith_1967_C11.txt,1967,Interfaith
Interfaith_1967_C12.txt,1967,Interfaith
Interfaith_1967_C13.txt,1967,Interfaith
Interfaith_1967_C14.txt,1967,Interfaith
Interfaith_1967_C15.txt,1967,Interfaith
Interfaith_1967_C16.txt,1967,Interfaith
Interfaith_1967_C17.txt,1967,Interfaith
Interfaith_1967_C18.txt,1967,Interfaith
Interfaith_1967_C19.txt,1967,Interfaith
Interfaith_1967_C20.txt,1967,Interfaith
Interfaith_1967_C21.txt,1967,Interfaith
Judaism_1967_C0.txt,1967,Judaism
Judaism_1967_C1.txt,1967,Judaism
Judaism_1967_C2.txt,1967,Judaism
Judaism_1967_C3.txt,1967,Judaism
Judaism_1967_C4.txt,1967,Judaism
Judaism_1967_C5.txt,1967,Judaism
Judaism_1967_C6.txt,1967,Judaism
Judaism_1967_C7.txt,1967,Judaism
Judaism_1967_C8.txt,1967,Judaism
Judaism_1967_C9.txt,1967,Judaism
Judaism_1967_C10.txt,1967,Judaism
Judaism_1967_C11.txt,1967,Judaism
Judaism_1967_C12.txt,1967,Judaism
Judaism_1967_C13.txt,1967,Judaism
Judaism_1967_C14.txt,1967,Judaism
Judaism_1967_C15.txt,1967,Judaism
Judaism_1967_C16.txt,1967,Judaism
Judaism_1967_C17.txt,1967,Judaism
Judaism_1967_C18.txt,1967,Judaism
Judaism_1967_C19.txt,1967,Judaism
Judaism_1967_C20.txt,1967,Judaism
Judaism_1967_C21.txt,1967,Judaism
Judaism_1967_C22.txt,1967,Judaism
Judaism_1967_C23.txt,1967,Judaism
Judaism_1967_C24.txt,1967,Judaism
Judaism_1967_C25.txt,1967,Judaism
Judaism_1967_C26.txt,1967,Judaism
Zoroastrianism_1967_C0.txt,1967,Zoroastrianism
Buddhism_1967_C0.txt,1967,Buddhism
Buddhism_1967_C1.txt,1967,Buddhism
Islam_1967_C0.txt,1967,Islam
Hinduism_1932_C0.txt,1932,Hinduism
Hinduism_1932_C1.txt,1932,Hinduism
Islam_1932_C0.txt,1932,Islam
Islam_1932_C1.txt,1932,Islam
Islam_1932_C2.txt,1932,Islam
Catholicism_1932_C0.txt,1932,Catholicism
Catholicism_1932_C1.txt,1932,Catholicism
Catholicism_1932_C2.txt,1932,Catholicism
Catholicism_1932_C3.txt,1932,Catholicism
Catholicism_1932_C4.txt,1932,Catholicism
Catholicism_1932_C5.txt,1932,Catholicism
Catholicism_1932_C6.txt,1932,Catholicism
Catholicism_1932_C7.txt,1932,Catholicism
Judaism_1932_C0.txt,1932,Judaism
Judaism_1932_C1.txt,1932,Judaism
Judaism_1932_C2.txt,1932,Judaism
Judaism_1932_C3.txt,1932,Judaism
Judaism_1932_C4.txt,1932,Judaism
Judaism_1932_C5.txt,1932,Judaism
Judaism_1932_C6.txt,1932,Judaism
Judaism_1932_C7.txt,1932,Judaism
Judaism_1932_C8.txt,1932,Judaism
Judaism_1932_C9.txt,1932,Judaism
Judaism_1932_C10.txt,1932,Judaism
Judaism_1932_C11.txt,1932,Judaism
Judaism_1932_C12.txt,1932,Judaism
Judaism_1932_C13.txt,1932,Judaism
Judaism_1932_C14.txt,1932,Judaism
Judaism_1932_C15.txt,1932,Judaism
Buddhism_1932_C0.txt,1932,Buddhism
Buddhism_1932_C1.txt,1932,Buddhism
Buddhism_1932_C2.txt,1932,Buddhism
Buddhism_1932_C3.txt,1932,Buddhism
Buddhism_1932_C4.txt,1932,Buddhism
Buddhism_1932_C5.txt,1932,Buddhism
Buddhism_1932_C6.txt,1932,Buddhism
Buddhism_1932_C7.txt,1932,Buddhism
Buddhism_1932_C8.txt,1932,Buddhism
Buddhism_1932_C9.txt,1932,Buddhism
Taoism_1932_C0.txt,1932,Taoism
Confucianism_1932_C0.txt,1932,Confucianism
Judaism_1942_C0.txt,1942,Judaism
Judaism_1942_C1.txt,1942,Judaism
Judaism_1942_C2.txt,1942,Judaism
Judaism_1942_C3.txt,1942,Judaism
Judaism_1942_C4.txt,1942,Judaism
Judaism_1942_C5.txt,1942,Judaism
Catholicism_1942_C0.txt,1942,Catholicism
Catholicism_1942_C1.txt,1942,Catholicism
Catholicism_1942_C2.txt,1942,Catholicism
Catholicism_1942_C3.txt,1942,Catholicism
Catholicism_1942_C4.txt,1942,Catholicism
Catholicism_1942_C5.txt,1942,Catholicism
Catholicism_1942_C6.txt,1942,Catholicism
Catholicism_1942_C7.txt,1942,Catholicism
Hinduism_1942_C0.txt,1942,Hinduism
Hinduism_1942_C1.txt,1942,Hinduism
Islam_1942_C0.txt,1942,Islam
Islam_1942_C1.txt,1942,Islam
Islam_1942_C2.txt,1942,Islam
Islam_1942_C3.txt,1942,Islam
Islam_1942_C4.txt,1942,Islam
Islam_1942_C5.txt,1942,Islam
Hinduism_1928_C0.txt,1928,Hinduism
Hinduism_1928_C1.txt,1928,Hinduism
Hinduism_1928_C2.txt,1928,Hinduism
Hinduism_1928_C3.txt,1928,Hinduism
Hinduism_1928_C4.txt,1928,Hinduism
Hinduism_1928_C5.txt,1928,Hinduism
Judaism_1928_C0.txt,1928,Judaism
Judaism_1928_C1.txt,1928,Judaism
Judaism_1928_C2.txt,1928,Judaism
Judaism_1928_C3.txt,1928,Judaism
Judaism_1928_C4.txt,1928,Judaism
Judaism_1928_C5.txt,1928,Judaism
Judaism_1928_C6.txt,1928,Judaism
Catholicism_1928_C0.txt,1928,Catholicism
Catholicism_1928_C1.txt,1928,Catholicism
Catholicism_1928_C2.txt,1928,Catholicism
Catholicism_1928_C3.txt,1928,Catholicism
Catholicism_1928_C4.txt,1928,Catholicism
Buddhism_1928_C0.txt,1928,Buddhism
Buddhism_1928_C1.txt,1928,Buddhism
Buddhism_1928_C2.txt,1928,Buddhism
Buddhism_1928_C3.txt,1928,Buddhism
Catholicism_1950_C0.txt,1950,Catholicism
Catholicism_1950_C1.txt,1950,Catholicism
Catholicism_1950_C2.txt,1950,Catholicism
Catholicism_1950_C3.txt,1950,Catholicism
Judaism_1950_C0.txt,1950,Judaism
Judaism_1950_C1.txt,1950,Judaism
Judaism_1950_C2.txt,1950,Judaism
Judaism_1950_C3.txt,1950,Judaism
Judaism_1950_C4.txt,1950,Judaism
Judaism_1950_C5.txt,1950,Judaism
Judaism_1950_C6.txt,1950,Judaism
Judaism_1950_C7.txt,1950,Judaism
Hinduism_1950_C0.txt,1950,Hinduism
Hinduism_1950_C1.txt,1950,Hinduism
Hinduism_1950_C2.txt,1950,Hinduism
Hinduism_1950_C3.txt,1950,Hinduism
Buddhism_1950_C0.txt,1950,Buddhism
Buddhism_1950_C1.txt,1950,Buddhism
Buddhism_1950_C2.txt,1950,Buddhism
Zoroastrianism_1950_C0.txt,1950,Zoroastrianism
Catholicism_1929_C0.txt,1929,Catholicism
Catholicism_1929_C1.txt,1929,Catholicism
Catholicism_1929_C2.txt,1929,Catholicism
Catholicism_1929_C3.txt,1929,Catholicism
Catholicism_1929_C4.txt,1929,Catholicism
Catholicism_1929_C5.txt,1929,Catholicism
Judaism_1929_C0.txt,1929,Judaism
Judaism_1929_C1.txt,1929,Judaism
Judaism_1929_C2.txt,1929,Judaism
Judaism_1929_C3.txt,1929,Judaism
Judaism_1929_C4.txt,1929,Judaism
Judaism_1929_C5.txt,1929,Judaism
Judaism_1929_C6.txt,1929,Judaism
Judaism_1929_C7.txt,1929,Judaism
Judaism_1929_C8.txt,1929,Judaism
Judaism_1929_C9.txt,1929,Judaism
Hinduism_1929_C0.txt,1929,Hinduism
Hinduism_1929_C1.txt,1929,Hinduism
Hinduism_1929_C2.txt,1929,Hinduism
Hinduism_1929_C3.txt,1929,Hinduism
Hinduism_1929_C4.txt,1929,Hinduism
Buddhism_1929_C0.txt,1929,Buddhism
Catholicism_1937_C0.txt,1937,Catholicism
Catholicism_1937_C1.txt,1937,Catholicism
Catholicism_1937_C2.txt,1937,Catholicism
Catholicism_1937_C3.txt,1937,Catholicism
Catholicism_1937_C4.txt,1937,Catholicism
Catholicism_1937_C5.txt,1937,Catholicism
Catholicism_1937_C6.txt,1937,Catholicism
Judaism_1937_C0.txt,1937,Judaism
Judaism_1937_C1.txt,1937,Judaism
Judaism_1937_C2.txt,1937,Judaism
Judaism_1937_C3.txt,1937,Judaism
Judaism_1937_C4.txt,1937,Judaism
Judaism_1937_C5.txt,1937,Judaism
Judaism_1937_C6.txt,1937,Judaism
Judaism_1937_C7.txt,1937,Judaism
Judaism_1937_C8.txt,1937,Judaism
Judaism_1937_C9.txt,1937,Judaism
Judaism_1937_C10.txt,1937,Judaism
Judaism_1937_C11.txt,1937,Judaism
Judaism_1937_C12.txt,1937,Judaism
Judaism_1937_C13.txt,1937,Judaism
Judaism_1937_C14.txt,1937,Judaism
Judaism_1937_C15.txt,1937,Judaism
Judaism_1937_C16.txt,1937,Judaism
Judaism_1937_C17.txt,1937,Judaism
Judaism_1937_C18.txt,1937,Judaism
Judaism_1937_C19.txt,1937,Judaism
Judaism_1937_C20.txt,1937,Judaism
Judaism_1937_C21.txt,1937,Judaism
Hinduism_1937_C0.txt,1937,Hinduism
Hinduism_1937_C1.txt,1937,Hinduism
Hinduism_1937_C2.txt,1937,Hinduism
Hinduism_1937_C3.txt,1937,Hinduism
Hinduism_1937_C4.txt,1937,Hinduism
Hinduism_1937_C5.txt,1937,Hinduism
Hinduism_1937_C6.txt,1937,Hinduism
Hinduism_1937_C7.txt,1937,Hinduism
Baha'i_1937_C0.txt,1937,Baha'i
Baha'i_1937_C1.txt,1937,Baha'i
Judaism_1941_C0.txt,1941,Judaism
Judaism_1941_C1.txt,1941,Judaism
Judaism_1941_C2.txt,1941,Judaism
Judaism_1941_C3.txt,1941,Judaism
Judaism_1941_C4.txt,1941,Judaism
Judaism_1941_C5.txt,1941,Judaism
Judaism_1941_C6.txt,1941,Judaism
Judaism_1941_C7.txt,1941,Judaism
Judaism_1941_C8.txt,1941,Judaism
Judaism_1941_C9.txt,1941,Judaism
Catholicism_1941_C0.txt,1941,Catholicism
Catholicism_1941_C1.txt,1941,Catholicism
Catholicism_1941_C2.txt,1941,Catholicism
Catholicism_1941_C3.txt,1941,Catholicism
Catholicism_1941_C4.txt,1941,Catholicism
Hinduism_1941_C0.txt,1941,Hinduism
Catholicism_1914_C0.txt,1914,Catholicism
